id,name,code,parent_id/id
nhsa_consumables_category_C01,非血管介入治疗类材料,01,nhsa_consumables_category_all
nhsa_consumables_category_C02,血管介入治疗类材料,02,nhsa_consumables_category_all
nhsa_consumables_category_C03,骨科材料,03,nhsa_consumables_category_all
nhsa_consumables_category_C04,神经外科材料,04,nhsa_consumables_category_all
nhsa_consumables_category_C05,心脏外科类材料,05,nhsa_consumables_category_all
nhsa_consumables_category_C06,人工器官、组织及配套材料,06,nhsa_consumables_category_all
nhsa_consumables_category_C07,口腔材料,07,nhsa_consumables_category_all
nhsa_consumables_category_C08,眼科材料,08,nhsa_consumables_category_all
nhsa_consumables_category_C09,体外循环材料,09,nhsa_consumables_category_all
nhsa_consumables_category_C10,血液净化材料,10,nhsa_consumables_category_all
nhsa_consumables_category_C11,吻合器及附件,11,nhsa_consumables_category_all
nhsa_consumables_category_C12,修补材料,12,nhsa_consumables_category_all
nhsa_consumables_category_C13,中医类材料,13,nhsa_consumables_category_all
nhsa_consumables_category_C14,基础卫生材料,14,nhsa_consumables_category_all
nhsa_consumables_category_C15,止血防粘连材料,15,nhsa_consumables_category_all
nhsa_consumables_category_C16,注射穿刺类材料,16,nhsa_consumables_category_all
nhsa_consumables_category_C17,功能性敷料,17,nhsa_consumables_category_all
nhsa_consumables_category_C0101,呼吸介入材料,0101,nhsa_consumables_category_C01
nhsa_consumables_category_C0102,消化介入材料,0102,nhsa_consumables_category_C01
nhsa_consumables_category_C0103,泌尿介入材料,0103,nhsa_consumables_category_C01
nhsa_consumables_category_C0104,乳腺介入材料,0104,nhsa_consumables_category_C01
nhsa_consumables_category_C0105,肿瘤介入材料,0105,nhsa_consumables_category_C01
nhsa_consumables_category_C0106,非血管介入通用材料,0106,nhsa_consumables_category_C01
nhsa_consumables_category_C0107,其他非血管介入材料,0107,nhsa_consumables_category_C01
nhsa_consumables_category_C0201,电生理类材料,0201,nhsa_consumables_category_C02
nhsa_consumables_category_C0202,冠脉介入治疗材料,0202,nhsa_consumables_category_C02
nhsa_consumables_category_C0203,结构心脏病用材料,0203,nhsa_consumables_category_C02
nhsa_consumables_category_C0204,起搏器类材料,0204,nhsa_consumables_category_C02
nhsa_consumables_category_C0205,神经介入治疗材料,0205,nhsa_consumables_category_C02
nhsa_consumables_category_C0206,外周血管介入,0206,nhsa_consumables_category_C02
nhsa_consumables_category_C0207,通用介入治疗材料,0207,nhsa_consumables_category_C02
nhsa_consumables_category_C0301,锚钉,0301,nhsa_consumables_category_C03
nhsa_consumables_category_C0302,人工韧带系统,0302,nhsa_consumables_category_C03
nhsa_consumables_category_C0303,固定钉,0303,nhsa_consumables_category_C03
nhsa_consumables_category_C0305,拉力钉,0305,nhsa_consumables_category_C03
nhsa_consumables_category_C0306,固定板,0306,nhsa_consumables_category_C03
nhsa_consumables_category_C0307,半月板修复移植系统,0307,nhsa_consumables_category_C03
nhsa_consumables_category_C0308,关节镜配套系统,0308,nhsa_consumables_category_C03
nhsa_consumables_category_C0309,软骨修复系统,0309,nhsa_consumables_category_C03
nhsa_consumables_category_C0310,其他微创材料,0310,nhsa_consumables_category_C03
nhsa_consumables_category_C0311,接骨板,0311,nhsa_consumables_category_C03
nhsa_consumables_category_C0312,螺钉,0312,nhsa_consumables_category_C03
nhsa_consumables_category_C0313,髓内钉,0313,nhsa_consumables_category_C03
nhsa_consumables_category_C0314,外固定架系统,0314,nhsa_consumables_category_C03
nhsa_consumables_category_C0315,捆绑系统,0315,nhsa_consumables_category_C03
nhsa_consumables_category_C0316,其他固定材料,0316,nhsa_consumables_category_C03
nhsa_consumables_category_C0317,枕颈固定系统,0317,nhsa_consumables_category_C03
nhsa_consumables_category_C0318,寰枢椎前路固定系统,0318,nhsa_consumables_category_C03
nhsa_consumables_category_C0319,寰枢椎后路固定系统,0319,nhsa_consumables_category_C03
nhsa_consumables_category_C0320,颈椎前路固定系统,0320,nhsa_consumables_category_C03
nhsa_consumables_category_C0321,颈椎后路固定系统,0321,nhsa_consumables_category_C03
nhsa_consumables_category_C0322,脊柱侧弯矫形系统,0322,nhsa_consumables_category_C03
nhsa_consumables_category_C0323,颈胸固定系统,0323,nhsa_consumables_category_C03
nhsa_consumables_category_C0324,胸腰椎前路固定系统,0324,nhsa_consumables_category_C03
nhsa_consumables_category_C0325,胸腰椎后路固定系统,0325,nhsa_consumables_category_C03
nhsa_consumables_category_C0326,胸腰椎后路微创系统,0326,nhsa_consumables_category_C03
nhsa_consumables_category_C0327,小儿矫形系统,0327,nhsa_consumables_category_C03
nhsa_consumables_category_C0328,骶髂固定系统,0328,nhsa_consumables_category_C03
nhsa_consumables_category_C0329,脊柱固定融合系统,0329,nhsa_consumables_category_C03
nhsa_consumables_category_C0330,腰椎非融合系统,0330,nhsa_consumables_category_C03
nhsa_consumables_category_C0331,椎体成形系统,0331,nhsa_consumables_category_C03
nhsa_consumables_category_C0332,人工椎间盘,0332,nhsa_consumables_category_C03
nhsa_consumables_category_C0333,脊柱内镜配套系统,0333,nhsa_consumables_category_C03
nhsa_consumables_category_C0334,人工全肩关节,0334,nhsa_consumables_category_C03
nhsa_consumables_category_C0335,人工半肩关节,0335,nhsa_consumables_category_C03
nhsa_consumables_category_C0336,人工反肩关节,0336,nhsa_consumables_category_C03
nhsa_consumables_category_C0337,人工肘关节,0337,nhsa_consumables_category_C03
nhsa_consumables_category_C0338,人工踝关节,0338,nhsa_consumables_category_C03
nhsa_consumables_category_C0339,人工小关节,0339,nhsa_consumables_category_C03
nhsa_consumables_category_C0340,人工关节配件,0340,nhsa_consumables_category_C03
nhsa_consumables_category_C0341,骨肿瘤人工关节,0341,nhsa_consumables_category_C03
nhsa_consumables_category_C0342,初次膝关节,0342,nhsa_consumables_category_C03
nhsa_consumables_category_C0343,翻修膝关节,0343,nhsa_consumables_category_C03
nhsa_consumables_category_C0344,初次髋关节,0344,nhsa_consumables_category_C03
nhsa_consumables_category_C0345,翻修髋关节,0345,nhsa_consumables_category_C03
nhsa_consumables_category_C0346,半髋关节,0346,nhsa_consumables_category_C03
nhsa_consumables_category_C0347,骨科通用材料,0347,nhsa_consumables_category_C03
nhsa_consumables_category_C0348,动力系统,0348,nhsa_consumables_category_C03
nhsa_consumables_category_C0349,骨科机器人手术相关材料,0349,nhsa_consumables_category_C03
nhsa_consumables_category_C0350,骨科导航相关材料,0350,nhsa_consumables_category_C03
nhsa_consumables_category_C0401,颅骨固定/修补材料,0401,nhsa_consumables_category_C04
nhsa_consumables_category_C0403,硬脑（脊）膜修补材料,0403,nhsa_consumables_category_C04
nhsa_consumables_category_C0404,动脉瘤夹,0404,nhsa_consumables_category_C04
nhsa_consumables_category_C0405,脑电监测材料,0405,nhsa_consumables_category_C04
nhsa_consumables_category_C0406,颅内压监测材料,0406,nhsa_consumables_category_C04
nhsa_consumables_category_C0407,脑脊液分流材料,0407,nhsa_consumables_category_C04
nhsa_consumables_category_C0408,神经刺激材料,0408,nhsa_consumables_category_C04
nhsa_consumables_category_C0501,心律失常外科,0501,nhsa_consumables_category_C05
nhsa_consumables_category_C0502,冠脉外科,0502,nhsa_consumables_category_C05
nhsa_consumables_category_C0503,结构心脏病用外科材料,0503,nhsa_consumables_category_C05
nhsa_consumables_category_C0504,心室辅助装置,0504,nhsa_consumables_category_C05
nhsa_consumables_category_C0505,其他心脏外科材料,0505,nhsa_consumables_category_C05
nhsa_consumables_category_C0601,感觉器官、组织及配套材料,0601,nhsa_consumables_category_C06
nhsa_consumables_category_C0602,血液循环、净化系统人工器官、组织及配套材料,0602,nhsa_consumables_category_C06
nhsa_consumables_category_C0603,呼吸系统人工器官、组织及配套材料,0603,nhsa_consumables_category_C06
nhsa_consumables_category_C0604,泌尿系统人工器官、组织及配套材料,0604,nhsa_consumables_category_C06
nhsa_consumables_category_C0605,生殖系统人工器官、组织及配套材料,0605,nhsa_consumables_category_C06
nhsa_consumables_category_C0606,其他人工器官、组织及配套材料,0606,nhsa_consumables_category_C06
nhsa_consumables_category_C0607,人体器官填充材料,0607,nhsa_consumables_category_C06
nhsa_consumables_category_C0701,颌面整复材料,0701,nhsa_consumables_category_C07
nhsa_consumables_category_C0702,口腔种植修复材料,0702,nhsa_consumables_category_C07
nhsa_consumables_category_C0703,根管材料,0703,nhsa_consumables_category_C07
nhsa_consumables_category_C0704,水门汀和粘接用材料,0704,nhsa_consumables_category_C07
nhsa_consumables_category_C0705,牙体材料,0705,nhsa_consumables_category_C07
nhsa_consumables_category_C0706,修复体制作材料,0706,nhsa_consumables_category_C07
nhsa_consumables_category_C0707,义齿制作辅助材料,0707,nhsa_consumables_category_C07
nhsa_consumables_category_C0708,印模及咬合记录材料,0708,nhsa_consumables_category_C07
nhsa_consumables_category_C0709,预成修复体制品,0709,nhsa_consumables_category_C07
nhsa_consumables_category_C0710,预防材料,0710,nhsa_consumables_category_C07
nhsa_consumables_category_C0711,正畸材料及制品,0711,nhsa_consumables_category_C07
nhsa_consumables_category_C0712,其他类口腔材料,0712,nhsa_consumables_category_C07
nhsa_consumables_category_C0801,人工晶状体,0801,nhsa_consumables_category_C08
nhsa_consumables_category_C0802,青光眼引流植入物,0802,nhsa_consumables_category_C08
nhsa_consumables_category_C0803,眼表修复材料,0803,nhsa_consumables_category_C08
nhsa_consumables_category_C0804,眼部创伤修复材料,0804,nhsa_consumables_category_C08
nhsa_consumables_category_C0805,眼内填充物,0805,nhsa_consumables_category_C08
nhsa_consumables_category_C0806,眶内填充物,0806,nhsa_consumables_category_C08
nhsa_consumables_category_C0807,术中材料,0807,nhsa_consumables_category_C08
nhsa_consumables_category_C0808,其他眼科用材料,0808,nhsa_consumables_category_C08
nhsa_consumables_category_C0901,插管,0901,nhsa_consumables_category_C09
nhsa_consumables_category_C0902,动脉微栓过滤器,0902,nhsa_consumables_category_C09
nhsa_consumables_category_C0903,体外循环管路,0903,nhsa_consumables_category_C09
nhsa_consumables_category_C0904,心肌保护液灌注装置,0904,nhsa_consumables_category_C09
nhsa_consumables_category_C0905,血液滤过器,0905,nhsa_consumables_category_C09
nhsa_consumables_category_C0906,氧合器,0906,nhsa_consumables_category_C09
nhsa_consumables_category_C0908,离心泵头,0908,nhsa_consumables_category_C09
nhsa_consumables_category_C0910,其他体外循环材料,0910,nhsa_consumables_category_C09
nhsa_consumables_category_C1001,分子吸附再循环系统,1001,nhsa_consumables_category_C10
nhsa_consumables_category_C1002,腹膜透析材料,1002,nhsa_consumables_category_C10
nhsa_consumables_category_C1003,血浆置换材料,1003,nhsa_consumables_category_C10
nhsa_consumables_category_C1004,血液透析滤过材料,1004,nhsa_consumables_category_C10
nhsa_consumables_category_C1005,连续性血液滤过材料,1005,nhsa_consumables_category_C10
nhsa_consumables_category_C1006,血液净化用材料,1006,nhsa_consumables_category_C10
nhsa_consumables_category_C1007,血液吸附材料,1007,nhsa_consumables_category_C10
nhsa_consumables_category_C1008,血液透析材料,1008,nhsa_consumables_category_C10
nhsa_consumables_category_C1009,血液透析血管通路,1009,nhsa_consumables_category_C10
nhsa_consumables_category_C1010,其他血液净化材料,1010,nhsa_consumables_category_C10
nhsa_consumables_category_C1101,开放及微创手术通用吻合器及钉仓,1101,nhsa_consumables_category_C11
nhsa_consumables_category_C1102,开放手术用吻合器及钉仓,1102,nhsa_consumables_category_C11
nhsa_consumables_category_C1103,其他吻合器及附件,1103,nhsa_consumables_category_C11
nhsa_consumables_category_C1201,骨盆底修补材料,1201,nhsa_consumables_category_C12
nhsa_consumables_category_C1202,皮肤修补材料,1202,nhsa_consumables_category_C12
nhsa_consumables_category_C1203,胸（腹）壁缺损修补材料,1203,nhsa_consumables_category_C12
nhsa_consumables_category_C1204,软组织修补材料,1204,nhsa_consumables_category_C12
nhsa_consumables_category_C1205,疝修补材料,1205,nhsa_consumables_category_C12
nhsa_consumables_category_C1206,心血管修补材料,1206,nhsa_consumables_category_C12
nhsa_consumables_category_C1207,其他修补材料,1207,nhsa_consumables_category_C12
nhsa_consumables_category_C1301,耳贴,1301,nhsa_consumables_category_C13
nhsa_consumables_category_C1302,针具,1302,nhsa_consumables_category_C13
nhsa_consumables_category_C1303,棉纸,1303,nhsa_consumables_category_C13
nhsa_consumables_category_C1304,其他中医材料,1304,nhsa_consumables_category_C13
nhsa_consumables_category_C1401,避孕材料,1401,nhsa_consumables_category_C14
nhsa_consumables_category_C1402,常规医疗用品,1402,nhsa_consumables_category_C14
nhsa_consumables_category_C1403,超声刀头,1403,nhsa_consumables_category_C14
nhsa_consumables_category_C1404,等离子刀头,1404,nhsa_consumables_category_C14
nhsa_consumables_category_C1405,射频刀头,1405,nhsa_consumables_category_C14
nhsa_consumables_category_C1406,高频电刀,1406,nhsa_consumables_category_C14
nhsa_consumables_category_C1407,光电及辅助材料,1407,nhsa_consumables_category_C14
nhsa_consumables_category_C1408,缝合及凝固材料,1408,nhsa_consumables_category_C14
nhsa_consumables_category_C1409,护创材料,1409,nhsa_consumables_category_C14
nhsa_consumables_category_C1410,麻醉包及套件,1410,nhsa_consumables_category_C14
nhsa_consumables_category_C1411,药液转移器,1411,nhsa_consumables_category_C14
nhsa_consumables_category_C1412,引流袋,1412,nhsa_consumables_category_C14
nhsa_consumables_category_C1413,造口护理材料,1413,nhsa_consumables_category_C14
nhsa_consumables_category_C1415,扩张导管,1415,nhsa_consumables_category_C14
nhsa_consumables_category_C1416,测压导管,1416,nhsa_consumables_category_C14
nhsa_consumables_category_C1417,导管、冲洗吸引装置,1417,nhsa_consumables_category_C14
nhsa_consumables_category_C1418,辅助生殖导管,1418,nhsa_consumables_category_C14
nhsa_consumables_category_C1419,专用吸引材料,1419,nhsa_consumables_category_C14
nhsa_consumables_category_C1420,辅助生殖用针,1420,nhsa_consumables_category_C14
nhsa_consumables_category_C1421,辅助生殖胚胎冷冻解冻液,1421,nhsa_consumables_category_C14
nhsa_consumables_category_C1422,辅助生殖胚胎培养液,1422,nhsa_consumables_category_C14
nhsa_consumables_category_C1423,输液、输血器具及管路,1423,nhsa_consumables_category_C14
nhsa_consumables_category_C1424,消化道插管/引流管,1424,nhsa_consumables_category_C14
nhsa_consumables_category_C1425,气管插管及附件,1425,nhsa_consumables_category_C14
nhsa_consumables_category_C1426,电磁导航材料,1426,nhsa_consumables_category_C14
nhsa_consumables_category_C1501,止血材料,1501,nhsa_consumables_category_C15
nhsa_consumables_category_C1502,防粘连材料,1502,nhsa_consumables_category_C15
nhsa_consumables_category_C1601,注射器类,1601,nhsa_consumables_category_C16
nhsa_consumables_category_C1602,注射针,1602,nhsa_consumables_category_C16
nhsa_consumables_category_C1603,动静脉、管腔室穿刺器,1603,nhsa_consumables_category_C16
nhsa_consumables_category_C1604,内镜用穿刺器,1604,nhsa_consumables_category_C16
nhsa_consumables_category_C1605,血管内留置针,1605,nhsa_consumables_category_C16
nhsa_consumables_category_C1701,创口敷料,1701,nhsa_consumables_category_C17
nhsa_consumables_category_C1702,疤痕敷料,1702,nhsa_consumables_category_C17
nhsa_consumables_category_C1703,包扎敷料,1703,nhsa_consumables_category_C17
nhsa_consumables_category_C1704,其他敷料,1704,nhsa_consumables_category_C17
nhsa_consumables_category_C010101,气管支气管支架,010101,nhsa_consumables_category_C0101
nhsa_consumables_category_C010102,气道球囊,010102,nhsa_consumables_category_C0101
nhsa_consumables_category_C010103,气道导丝,010103,nhsa_consumables_category_C0101
nhsa_consumables_category_C010104,气道射频导管,010104,nhsa_consumables_category_C0101
nhsa_consumables_category_C010106,呼吸类细胞刷,010106,nhsa_consumables_category_C0101
nhsa_consumables_category_C010107,呼吸活检钳,010107,nhsa_consumables_category_C0101
nhsa_consumables_category_C010108,呼吸内镜用热活检钳,010108,nhsa_consumables_category_C0101
nhsa_consumables_category_C010109,呼吸内镜介入活检针,010109,nhsa_consumables_category_C0101
nhsa_consumables_category_C010110,支气管镜用异物钳,010110,nhsa_consumables_category_C0101
nhsa_consumables_category_C010111,支气管镜用灌洗管,010111,nhsa_consumables_category_C0101
nhsa_consumables_category_C010112,支气管镜用造影管,010112,nhsa_consumables_category_C0101
nhsa_consumables_category_C010113,支气管镜用电圈套器,010113,nhsa_consumables_category_C0101
nhsa_consumables_category_C010114,支气管镜用刮匙,010114,nhsa_consumables_category_C0101
nhsa_consumables_category_C010115,呼吸内镜用探头,010115,nhsa_consumables_category_C0101
nhsa_consumables_category_C010116,呼吸内镜用刀头,010116,nhsa_consumables_category_C0101
nhsa_consumables_category_C010117,呼吸内镜用超声引导鞘,010117,nhsa_consumables_category_C0101
nhsa_consumables_category_C010119,呼吸内镜其他材料,010119,nhsa_consumables_category_C0101
nhsa_consumables_category_C010120,支气管活瓣,010120,nhsa_consumables_category_C0101
nhsa_consumables_category_C010121,气道超声水囊,010121,nhsa_consumables_category_C0101
nhsa_consumables_category_C010122,气道异物网篮,010122,nhsa_consumables_category_C0101
nhsa_consumables_category_C010123,吸引导管,010123,nhsa_consumables_category_C0101
nhsa_consumables_category_C010124,一次性胸壁穿刺套管,010124,nhsa_consumables_category_C0101
nhsa_consumables_category_C010125,其他呼吸介入材料,010125,nhsa_consumables_category_C0101
nhsa_consumables_category_C010201,贲门球囊,010201,nhsa_consumables_category_C0102
nhsa_consumables_category_C010202,食道球囊,010202,nhsa_consumables_category_C0102
nhsa_consumables_category_C010203,肠道扩张球囊,010203,nhsa_consumables_category_C0102
nhsa_consumables_category_C010204,胆胰扩张球囊,010204,nhsa_consumables_category_C0102
nhsa_consumables_category_C010205,胆胰取石球囊,010205,nhsa_consumables_category_C0102
nhsa_consumables_category_C010206,食道支架,010206,nhsa_consumables_category_C0102
nhsa_consumables_category_C010207,肠道支架,010207,nhsa_consumables_category_C0102
nhsa_consumables_category_C010208,胰管支架,010208,nhsa_consumables_category_C0102
nhsa_consumables_category_C010209,胆道支架,010209,nhsa_consumables_category_C0102
nhsa_consumables_category_C010210,消化道细胞刷,010210,nhsa_consumables_category_C0102
nhsa_consumables_category_C010211,胆胰导管,010211,nhsa_consumables_category_C0102
nhsa_consumables_category_C010212,消化介入/止血导管,010212,nhsa_consumables_category_C0102
nhsa_consumables_category_C010213,消化扩张导管,010213,nhsa_consumables_category_C0102
nhsa_consumables_category_C010214,消化介入射频消融导管,010214,nhsa_consumables_category_C0102
nhsa_consumables_category_C010215,消化介入造影导管,010215,nhsa_consumables_category_C0102
nhsa_consumables_category_C010216,消化道导丝,010216,nhsa_consumables_category_C0102
nhsa_consumables_category_C010217,消化介入网篮,010217,nhsa_consumables_category_C0102
nhsa_consumables_category_C010218,消化介入电极,010218,nhsa_consumables_category_C0102
nhsa_consumables_category_C010220,静脉曲张/组织套扎器,010220,nhsa_consumables_category_C0102
nhsa_consumables_category_C010221,痔套扎器,010221,nhsa_consumables_category_C0102
nhsa_consumables_category_C010222,圈套器（息肉勒除器）,010222,nhsa_consumables_category_C0102
nhsa_consumables_category_C010223,消化道造瘘管,010223,nhsa_consumables_category_C0102
nhsa_consumables_category_C010224,瘘管刷,010224,nhsa_consumables_category_C0102
nhsa_consumables_category_C010225,消化道超声穿刺针,010225,nhsa_consumables_category_C0102
nhsa_consumables_category_C010226,活检钳,010226,nhsa_consumables_category_C0102
nhsa_consumables_category_C010227,热活检钳,010227,nhsa_consumables_category_C0102
nhsa_consumables_category_C010228,消化介入异物钳,010228,nhsa_consumables_category_C0102
nhsa_consumables_category_C010229,消化介入凝血钳,010229,nhsa_consumables_category_C0102
nhsa_consumables_category_C010230,消化内镜活检帽,010230,nhsa_consumables_category_C0102
nhsa_consumables_category_C010231,消化超声内镜用水囊,010231,nhsa_consumables_category_C0102
nhsa_consumables_category_C010232,消化介入内镜吻合夹系统,010232,nhsa_consumables_category_C0102
nhsa_consumables_category_C010234,内镜用剪刀钳,010234,nhsa_consumables_category_C0102
nhsa_consumables_category_C010236,小肠镜球囊,010236,nhsa_consumables_category_C0102
nhsa_consumables_category_C010237,胶囊内镜,010237,nhsa_consumables_category_C0102
nhsa_consumables_category_C010238,消化介入注射针,010238,nhsa_consumables_category_C0102
nhsa_consumables_category_C010239,组织切开刀,010239,nhsa_consumables_category_C0102
nhsa_consumables_category_C010240,乳头切开刀,010240,nhsa_consumables_category_C0102
nhsa_consumables_category_C010243,肛瘘塞,010243,nhsa_consumables_category_C0102
nhsa_consumables_category_C010244,其他消化介入材料,010244,nhsa_consumables_category_C0102
nhsa_consumables_category_C010301,输尿管支架,010301,nhsa_consumables_category_C0103
nhsa_consumables_category_C010302,尿道支架,010302,nhsa_consumables_category_C0103
nhsa_consumables_category_C010303,泌尿介入球囊,010303,nhsa_consumables_category_C0103
nhsa_consumables_category_C010304,泌尿扩张器,010304,nhsa_consumables_category_C0103
nhsa_consumables_category_C010305,泌尿介入导丝,010305,nhsa_consumables_category_C0103
nhsa_consumables_category_C010306,泌尿介入导管,010306,nhsa_consumables_category_C0103
nhsa_consumables_category_C010308,泌尿取石网篮,010308,nhsa_consumables_category_C0103
nhsa_consumables_category_C010309,泌尿拦截网篮,010309,nhsa_consumables_category_C0103
nhsa_consumables_category_C010310,泌尿异物钳,010310,nhsa_consumables_category_C0103
nhsa_consumables_category_C010311,泌尿介入鞘,010311,nhsa_consumables_category_C0103
nhsa_consumables_category_C010312,泌尿介入封堵器,010312,nhsa_consumables_category_C0103
nhsa_consumables_category_C010313,泌尿介入激光光纤,010313,nhsa_consumables_category_C0103
nhsa_consumables_category_C010314,内窥镜冲洗器,010314,nhsa_consumables_category_C0103
nhsa_consumables_category_C010315,膀胱冲洗器,010315,nhsa_consumables_category_C0103
nhsa_consumables_category_C010316,电切环,010316,nhsa_consumables_category_C0103
nhsa_consumables_category_C010317,软镜导管,010317,nhsa_consumables_category_C0103
nhsa_consumables_category_C010318,输尿管成像导管,010318,nhsa_consumables_category_C0103
nhsa_consumables_category_C010319,肾造瘘套件,010319,nhsa_consumables_category_C0103
nhsa_consumables_category_C010320,肾造瘘引流导管,010320,nhsa_consumables_category_C0103
nhsa_consumables_category_C010321,膀胱造瘘导入器,010321,nhsa_consumables_category_C0103
nhsa_consumables_category_C010322,膀胱造瘘套件,010322,nhsa_consumables_category_C0103
nhsa_consumables_category_C010323,泌尿介入穿刺针,010323,nhsa_consumables_category_C0103
nhsa_consumables_category_C010324,泌尿介入活检针,010324,nhsa_consumables_category_C0103
nhsa_consumables_category_C010325,泌尿介入活检钳,010325,nhsa_consumables_category_C0103
nhsa_consumables_category_C010326,泌尿介入注射针,010326,nhsa_consumables_category_C0103
nhsa_consumables_category_C010327,吊带,010327,nhsa_consumables_category_C0103
nhsa_consumables_category_C010328,其他泌尿介入材料,010328,nhsa_consumables_category_C0103
nhsa_consumables_category_C010401,乳腺活检装置,010401,nhsa_consumables_category_C0104
nhsa_consumables_category_C010402,乳腺定位针,010402,nhsa_consumables_category_C0104
nhsa_consumables_category_C010403,乳腺标记定位针(物),010403,nhsa_consumables_category_C0104
nhsa_consumables_category_C010404,其他乳腺介入材料,010404,nhsa_consumables_category_C0104
nhsa_consumables_category_C010501,经皮胆道支架,010501,nhsa_consumables_category_C0105
nhsa_consumables_category_C010503,组织穿刺活检针,010503,nhsa_consumables_category_C0105
nhsa_consumables_category_C010504,胆道引流套管针,010504,nhsa_consumables_category_C0105
nhsa_consumables_category_C010506,射频消融电极（针）,010506,nhsa_consumables_category_C0105
nhsa_consumables_category_C010507,微波消融电极（针、刀）,010507,nhsa_consumables_category_C0105
nhsa_consumables_category_C010508,冷冻消融电极（针）,010508,nhsa_consumables_category_C0105
nhsa_consumables_category_C010510,可植入放射性粒子植入装置,010510,nhsa_consumables_category_C0105
nhsa_consumables_category_C010511,可植入支架,010511,nhsa_consumables_category_C0105
nhsa_consumables_category_C010512,体腔热灌注管路,010512,nhsa_consumables_category_C0105
nhsa_consumables_category_C010514,其他肿瘤介入材料,010514,nhsa_consumables_category_C0105
nhsa_consumables_category_C010601,非血管介入通用穿刺针,010601,nhsa_consumables_category_C0106
nhsa_consumables_category_C010602,非血管介入通用活检针,010602,nhsa_consumables_category_C0106
nhsa_consumables_category_C010603,非血管介入引流管,010603,nhsa_consumables_category_C0106
nhsa_consumables_category_C010604,压力泵,010604,nhsa_consumables_category_C0106
nhsa_consumables_category_C010605,经皮气管切开导入器套装,010605,nhsa_consumables_category_C0106
nhsa_consumables_category_C010606,取出器,010606,nhsa_consumables_category_C0106
nhsa_consumables_category_C010607,穿刺套管,010607,nhsa_consumables_category_C0106
nhsa_consumables_category_C010608,高频电刀用电极,010608,nhsa_consumables_category_C0106
nhsa_consumables_category_C010609,内镜用套管,010609,nhsa_consumables_category_C0106
nhsa_consumables_category_C010611,其他非血管介入通用材料,010611,nhsa_consumables_category_C0106
nhsa_consumables_category_C010612,神经射频电极,010612,nhsa_consumables_category_C0106
nhsa_consumables_category_C010613,造影导管,010613,nhsa_consumables_category_C0106
nhsa_consumables_category_C010701,药物支架系统,010701,nhsa_consumables_category_C0107
nhsa_consumables_category_C010702,耳鼻咽喉球囊导管,010702,nhsa_consumables_category_C0107
nhsa_consumables_category_C010703,羊水穿刺针,010703,nhsa_consumables_category_C0107
nhsa_consumables_category_C010704,输卵管疏通装置,010704,nhsa_consumables_category_C0107
nhsa_consumables_category_C010705,绒毛活检针,010705,nhsa_consumables_category_C0107
nhsa_consumables_category_C010706,异物提取装置,010706,nhsa_consumables_category_C0107
nhsa_consumables_category_C010707,其他非血管介入材料,010707,nhsa_consumables_category_C0107
nhsa_consumables_category_C020101,房间隔穿刺鞘组,020101,nhsa_consumables_category_C0201
nhsa_consumables_category_C020102,电生理导管鞘,020102,nhsa_consumables_category_C0201
nhsa_consumables_category_C020103,房间隔穿刺针,020103,nhsa_consumables_category_C0201
nhsa_consumables_category_C020104,体表定位参考电极,020104,nhsa_consumables_category_C0201
nhsa_consumables_category_C020105,灌注管路,020105,nhsa_consumables_category_C0201
nhsa_consumables_category_C020106,导管连线,020106,nhsa_consumables_category_C0201
nhsa_consumables_category_C020107,临时起搏电极,020107,nhsa_consumables_category_C0201
nhsa_consumables_category_C020108,电定位诊断导管,020108,nhsa_consumables_category_C0201
nhsa_consumables_category_C020109,磁定位诊断导管,020109,nhsa_consumables_category_C0201
nhsa_consumables_category_C020110,心内超声导管,020110,nhsa_consumables_category_C0201
nhsa_consumables_category_C020112,电定位治疗导管,020112,nhsa_consumables_category_C0201
nhsa_consumables_category_C020113,磁定位治疗导管,020113,nhsa_consumables_category_C0201
nhsa_consumables_category_C020114,冷冻治疗导管,020114,nhsa_consumables_category_C0201
nhsa_consumables_category_C020116,电生理其他治疗导管,020116,nhsa_consumables_category_C0201
nhsa_consumables_category_C020201,冠脉裸金属支架,020201,nhsa_consumables_category_C0202
nhsa_consumables_category_C020202,药物洗脱支架,020202,nhsa_consumables_category_C0202
nhsa_consumables_category_C020203,生物可降解支架,020203,nhsa_consumables_category_C0202
nhsa_consumables_category_C020204,冠脉其他支架,020204,nhsa_consumables_category_C0202
nhsa_consumables_category_C020205,冠脉扩张球囊,020205,nhsa_consumables_category_C0202
nhsa_consumables_category_C020206,冠脉药物涂层球囊,020206,nhsa_consumables_category_C0202
nhsa_consumables_category_C020207,切割球囊,020207,nhsa_consumables_category_C0202
nhsa_consumables_category_C020208,冠脉棘/乳突球囊,020208,nhsa_consumables_category_C0202
nhsa_consumables_category_C020209,冠脉介入其他球囊,020209,nhsa_consumables_category_C0202
nhsa_consumables_category_C020210,冠脉导引导管,020210,nhsa_consumables_category_C0202
nhsa_consumables_category_C020211,冠脉微导管,020211,nhsa_consumables_category_C0202
nhsa_consumables_category_C020212,冠脉血栓抽吸导管,020212,nhsa_consumables_category_C0202
nhsa_consumables_category_C020213,冠脉旋磨导管,020213,nhsa_consumables_category_C0202
nhsa_consumables_category_C020215,冠脉血管内超声诊断导管,020215,nhsa_consumables_category_C0202
nhsa_consumables_category_C020216,冠脉血管内光学成像导管,020216,nhsa_consumables_category_C0202
nhsa_consumables_category_C020217,主动脉球囊反搏导管,020217,nhsa_consumables_category_C0202
nhsa_consumables_category_C020218,冠脉造影导管,020218,nhsa_consumables_category_C0202
nhsa_consumables_category_C020219,冠脉辅助支撑导管,020219,nhsa_consumables_category_C0202
nhsa_consumables_category_C020220,冠脉其他导管,020220,nhsa_consumables_category_C0202
nhsa_consumables_category_C020221,冠脉导引导丝,020221,nhsa_consumables_category_C0202
nhsa_consumables_category_C020222,冠脉造影导丝,020222,nhsa_consumables_category_C0202
nhsa_consumables_category_C020223,冠脉旋磨导丝,020223,nhsa_consumables_category_C0202
nhsa_consumables_category_C020224,冠脉压力导丝,020224,nhsa_consumables_category_C0202
nhsa_consumables_category_C020225,冠脉其他导丝,020225,nhsa_consumables_category_C0202
nhsa_consumables_category_C020226,冠脉旋磨推进器,020226,nhsa_consumables_category_C0202
nhsa_consumables_category_C020227,冠脉血管内超声导管滑板,020227,nhsa_consumables_category_C0202
nhsa_consumables_category_C020229,其他冠脉介入材料,020229,nhsa_consumables_category_C0202
nhsa_consumables_category_C020301,封堵器材,020301,nhsa_consumables_category_C0203
nhsa_consumables_category_C020302,封堵器输送系统,020302,nhsa_consumables_category_C0203
nhsa_consumables_category_C020303,结构心脏病专用导丝,020303,nhsa_consumables_category_C0203
nhsa_consumables_category_C020308,主动脉介入心脏瓣膜,020308,nhsa_consumables_category_C0203
nhsa_consumables_category_C020309,肺动脉介入心脏瓣膜,020309,nhsa_consumables_category_C0203
nhsa_consumables_category_C020312,二尖瓣夹合装置,020312,nhsa_consumables_category_C0203
nhsa_consumables_category_C020313,测量球囊,020313,nhsa_consumables_category_C0203
nhsa_consumables_category_C020314,二尖瓣球囊扩张导管,020314,nhsa_consumables_category_C0203
nhsa_consumables_category_C020315,肺动脉球囊扩张导管,020315,nhsa_consumables_category_C0203
nhsa_consumables_category_C020316,经皮瓣膜扩张导管,020316,nhsa_consumables_category_C0203
nhsa_consumables_category_C020317,主动脉瓣球囊扩张导管,020317,nhsa_consumables_category_C0203
nhsa_consumables_category_C020318,经导管介入瓣膜输送系统,020318,nhsa_consumables_category_C0203
nhsa_consumables_category_C020319,其他结构心脏病类产品,020319,nhsa_consumables_category_C0203
nhsa_consumables_category_C020401,单腔起搏器,020401,nhsa_consumables_category_C0204
nhsa_consumables_category_C020402,双腔起搏器,020402,nhsa_consumables_category_C0204
nhsa_consumables_category_C020403,三腔起搏器,020403,nhsa_consumables_category_C0204
nhsa_consumables_category_C020404,无导线起搏器组,020404,nhsa_consumables_category_C0204
nhsa_consumables_category_C020405,单腔除颤器（ICD）,020405,nhsa_consumables_category_C0204
nhsa_consumables_category_C020406,双腔除颤器（ICD）,020406,nhsa_consumables_category_C0204
nhsa_consumables_category_C020407,三腔除颤器组（CRT-D）,020407,nhsa_consumables_category_C0204
nhsa_consumables_category_C020408,皮下植入式心律转复除颤器,020408,nhsa_consumables_category_C0204
nhsa_consumables_category_C020410,植入式心电监测器,020410,nhsa_consumables_category_C0204
nhsa_consumables_category_C020411,起搏电极导线,020411,nhsa_consumables_category_C0204
nhsa_consumables_category_C020412,除颤电极导线,020412,nhsa_consumables_category_C0204
nhsa_consumables_category_C020413,起搏器附件,020413,nhsa_consumables_category_C0204
nhsa_consumables_category_C020414,起搏器电极拔除装置,020414,nhsa_consumables_category_C0204
nhsa_consumables_category_C020415,其他起搏器材料,020415,nhsa_consumables_category_C0204
nhsa_consumables_category_C020501,颅内支架,020501,nhsa_consumables_category_C0205
nhsa_consumables_category_C020502,栓塞球囊,020502,nhsa_consumables_category_C0205
nhsa_consumables_category_C020503,球囊封堵导管,020503,nhsa_consumables_category_C0205
nhsa_consumables_category_C020504,球囊扩张导管,020504,nhsa_consumables_category_C0205
nhsa_consumables_category_C020505,导引导管,020505,nhsa_consumables_category_C0205
nhsa_consumables_category_C020506,神经介入支撑辅助导管,020506,nhsa_consumables_category_C0205
nhsa_consumables_category_C020507,微导管,020507,nhsa_consumables_category_C0205
nhsa_consumables_category_C020508,神经介入治疗导管,020508,nhsa_consumables_category_C0205
nhsa_consumables_category_C020510,神经介入治疗导丝,020510,nhsa_consumables_category_C0205
nhsa_consumables_category_C020512,微导丝,020512,nhsa_consumables_category_C0205
nhsa_consumables_category_C020513,介入附件,020513,nhsa_consumables_category_C0205
nhsa_consumables_category_C020515,取栓支架,020515,nhsa_consumables_category_C0205
nhsa_consumables_category_C020516,弹簧圈,020516,nhsa_consumables_category_C0205
nhsa_consumables_category_C020517,液态栓塞系统,020517,nhsa_consumables_category_C0205
nhsa_consumables_category_C020518,其他神经介入治疗材料,020518,nhsa_consumables_category_C0205
nhsa_consumables_category_C020519,血流导向密网支架,020519,nhsa_consumables_category_C0205
nhsa_consumables_category_C020601,颈动脉支架,020601,nhsa_consumables_category_C0206
nhsa_consumables_category_C020602,锁骨下动脉支架,020602,nhsa_consumables_category_C0206
nhsa_consumables_category_C020603,椎动脉支架,020603,nhsa_consumables_category_C0206
nhsa_consumables_category_C020604,肾动脉支架,020604,nhsa_consumables_category_C0206
nhsa_consumables_category_C020605,胸主动脉支架,020605,nhsa_consumables_category_C0206
nhsa_consumables_category_C020606,主动脉定制支架,020606,nhsa_consumables_category_C0206
nhsa_consumables_category_C020607,腹主动脉支架,020607,nhsa_consumables_category_C0206
nhsa_consumables_category_C020608,腹主动脉延长支架,020608,nhsa_consumables_category_C0206
nhsa_consumables_category_C020609,髂股动脉支架,020609,nhsa_consumables_category_C0206
nhsa_consumables_category_C020610,股腘动脉支架,020610,nhsa_consumables_category_C0206
nhsa_consumables_category_C020611,膝下动脉支架,020611,nhsa_consumables_category_C0206
nhsa_consumables_category_C020612,多外周动脉支架,020612,nhsa_consumables_category_C0206
nhsa_consumables_category_C020613,外周血管支架,020613,nhsa_consumables_category_C0206
nhsa_consumables_category_C020615,腔静脉支架,020615,nhsa_consumables_category_C0206
nhsa_consumables_category_C020616,髂股静脉支架,020616,nhsa_consumables_category_C0206
nhsa_consumables_category_C020617,经颈静脉肝内门体分流(TIPS)静脉支架,020617,nhsa_consumables_category_C0206
nhsa_consumables_category_C020618,外周药物涂层球囊,020618,nhsa_consumables_category_C0206
nhsa_consumables_category_C020619,动脉扩张球囊,020619,nhsa_consumables_category_C0206
nhsa_consumables_category_C020620,封堵球囊,020620,nhsa_consumables_category_C0206
nhsa_consumables_category_C020621,切割球囊,020621,nhsa_consumables_category_C0206
nhsa_consumables_category_C020622,外周血管其他球囊,020622,nhsa_consumables_category_C0206
nhsa_consumables_category_C020624,溶栓导管,020624,nhsa_consumables_category_C0206
nhsa_consumables_category_C020625,取栓导管,020625,nhsa_consumables_category_C0206
nhsa_consumables_category_C020626,导引导管,020626,nhsa_consumables_category_C0206
nhsa_consumables_category_C020627,导引鞘,020627,nhsa_consumables_category_C0206
nhsa_consumables_category_C020628,微导管,020628,nhsa_consumables_category_C0206
nhsa_consumables_category_C020629,机械血栓抽吸导管,020629,nhsa_consumables_category_C0206
nhsa_consumables_category_C020630,斑块切除导管,020630,nhsa_consumables_category_C0206
nhsa_consumables_category_C020631,外周动脉准分子激光导管,020631,nhsa_consumables_category_C0206
nhsa_consumables_category_C020632,静脉闭合导管,020632,nhsa_consumables_category_C0206
nhsa_consumables_category_C020633,支撑导管,020633,nhsa_consumables_category_C0206
nhsa_consumables_category_C020634,外周血管其他导管,020634,nhsa_consumables_category_C0206
nhsa_consumables_category_C020635,腔静脉滤器,020635,nhsa_consumables_category_C0206
nhsa_consumables_category_C020636,腔静脉滤器回收套件,020636,nhsa_consumables_category_C0206
nhsa_consumables_category_C020637,导引导丝,020637,nhsa_consumables_category_C0206
nhsa_consumables_category_C020638,微导丝,020638,nhsa_consumables_category_C0206
nhsa_consumables_category_C020639,外周血管其他导丝,020639,nhsa_consumables_category_C0206
nhsa_consumables_category_C020640,外周动脉弹簧圈,020640,nhsa_consumables_category_C0206
nhsa_consumables_category_C020641,栓塞材料,020641,nhsa_consumables_category_C0206
nhsa_consumables_category_C020642,栓塞微球,020642,nhsa_consumables_category_C0206
nhsa_consumables_category_C020643,血管塞,020643,nhsa_consumables_category_C0206
nhsa_consumables_category_C020644,经颈静脉肝内穿刺器,020644,nhsa_consumables_category_C0206
nhsa_consumables_category_C020645,静脉剥脱器,020645,nhsa_consumables_category_C0206
nhsa_consumables_category_C020646,血栓保护装置,020646,nhsa_consumables_category_C0206
nhsa_consumables_category_C020648,CTO开通辅助器械,020648,nhsa_consumables_category_C0206
nhsa_consumables_category_C020649,其他介入附件,020649,nhsa_consumables_category_C0206
nhsa_consumables_category_C020650,静脉扩张球囊,020650,nhsa_consumables_category_C0206
nhsa_consumables_category_C020701,造影导管,020701,nhsa_consumables_category_C0207
nhsa_consumables_category_C020702,外周介入支撑辅助导管,020702,nhsa_consumables_category_C0207
nhsa_consumables_category_C020703,中心静脉导管,020703,nhsa_consumables_category_C0207
nhsa_consumables_category_C020704,输液港,020704,nhsa_consumables_category_C0207
nhsa_consumables_category_C020705,中线导管,020705,nhsa_consumables_category_C0207
nhsa_consumables_category_C020706,造影导丝,020706,nhsa_consumables_category_C0207
nhsa_consumables_category_C020707,弹簧圈推送导丝,020707,nhsa_consumables_category_C0207
nhsa_consumables_category_C020708,通用介入其他导丝,020708,nhsa_consumables_category_C0207
nhsa_consumables_category_C020709,外周血管介入鞘组,020709,nhsa_consumables_category_C0207
nhsa_consumables_category_C020710,血管鞘,020710,nhsa_consumables_category_C0207
nhsa_consumables_category_C020711,穿刺针,020711,nhsa_consumables_category_C0207
nhsa_consumables_category_C020712,血管止血装置,020712,nhsa_consumables_category_C0207
nhsa_consumables_category_C020714,抓捕器,020714,nhsa_consumables_category_C0207
nhsa_consumables_category_C020715,自动造影剂注射套装,020715,nhsa_consumables_category_C0207
nhsa_consumables_category_C020716,三连三通,020716,nhsa_consumables_category_C0207
nhsa_consumables_category_C020717,环型注射器,020717,nhsa_consumables_category_C0207
nhsa_consumables_category_C020718,Y接头,020718,nhsa_consumables_category_C0207
nhsa_consumables_category_C020719,导引器,020719,nhsa_consumables_category_C0207
nhsa_consumables_category_C020720,压力延长管,020720,nhsa_consumables_category_C0207
nhsa_consumables_category_C020721,压力泵,020721,nhsa_consumables_category_C0207
nhsa_consumables_category_C020722,高压注射筒,020722,nhsa_consumables_category_C0207
nhsa_consumables_category_C030101,带线锚钉,030101,nhsa_consumables_category_C0301
nhsa_consumables_category_C030102,非带线锚钉,030102,nhsa_consumables_category_C0301
nhsa_consumables_category_C030201,膝关节用人工韧带,030201,nhsa_consumables_category_C0302
nhsa_consumables_category_C030202,小关节用人工韧带,030202,nhsa_consumables_category_C0302
nhsa_consumables_category_C030203,肩关节用人工韧带,030203,nhsa_consumables_category_C0302
nhsa_consumables_category_C030204,其他关节用人工韧带,030204,nhsa_consumables_category_C0302
nhsa_consumables_category_C030205,人工韧带固定钉,030205,nhsa_consumables_category_C0302
nhsa_consumables_category_C030301,界面固定钉,030301,nhsa_consumables_category_C0303
nhsa_consumables_category_C030302,横穿固定钉,030302,nhsa_consumables_category_C0303
nhsa_consumables_category_C030304,软组织固定钉,030304,nhsa_consumables_category_C0303
nhsa_consumables_category_C030501,空心拉力螺钉,030501,nhsa_consumables_category_C0305
nhsa_consumables_category_C030502,非空心拉力螺钉,030502,nhsa_consumables_category_C0305
nhsa_consumables_category_C030601,可调式固定板,030601,nhsa_consumables_category_C0306
nhsa_consumables_category_C030602,不可调式固定板,030602,nhsa_consumables_category_C0306
nhsa_consumables_category_C030701,半月板修复系统,030701,nhsa_consumables_category_C0307
nhsa_consumables_category_C030703,半月板施钉器,030703,nhsa_consumables_category_C0307
nhsa_consumables_category_C030704,半月板移植系统,030704,nhsa_consumables_category_C0307
nhsa_consumables_category_C030801,修复用缝线,030801,nhsa_consumables_category_C0308
nhsa_consumables_category_C030802,关节镜下切除器,030802,nhsa_consumables_category_C0308
nhsa_consumables_category_C030803,等离子系统,030803,nhsa_consumables_category_C0308
nhsa_consumables_category_C030804,射频系统,030804,nhsa_consumables_category_C0308
nhsa_consumables_category_C030805,工作套管,030805,nhsa_consumables_category_C0308
nhsa_consumables_category_C030903,软骨支架,030903,nhsa_consumables_category_C0309
nhsa_consumables_category_C031001,其他微创材料,031001,nhsa_consumables_category_C0310
nhsa_consumables_category_C031101,胸骨接骨板,031101,nhsa_consumables_category_C0311
nhsa_consumables_category_C031102,肋骨接骨板,031102,nhsa_consumables_category_C0311
nhsa_consumables_category_C031103,锁骨接骨板,031103,nhsa_consumables_category_C0311
nhsa_consumables_category_C031104,肱骨接骨板,031104,nhsa_consumables_category_C0311
nhsa_consumables_category_C031105,尺骨接骨板,031105,nhsa_consumables_category_C0311
nhsa_consumables_category_C031106,桡骨接骨板,031106,nhsa_consumables_category_C0311
nhsa_consumables_category_C031107,手部接骨板,031107,nhsa_consumables_category_C0311
nhsa_consumables_category_C031108,骨盆接骨板,031108,nhsa_consumables_category_C0311
nhsa_consumables_category_C031109,股骨接骨板,031109,nhsa_consumables_category_C0311
nhsa_consumables_category_C031110,髌骨接骨板,031110,nhsa_consumables_category_C0311
nhsa_consumables_category_C031111,胫骨接骨板,031111,nhsa_consumables_category_C0311
nhsa_consumables_category_C031112,腓骨接骨板,031112,nhsa_consumables_category_C0311
nhsa_consumables_category_C031113,跟骨接骨板,031113,nhsa_consumables_category_C0311
nhsa_consumables_category_C031114,足部接骨板,031114,nhsa_consumables_category_C0311
nhsa_consumables_category_C031115,通用接骨板,031115,nhsa_consumables_category_C0311
nhsa_consumables_category_C031116,小儿接骨板,031116,nhsa_consumables_category_C0311
nhsa_consumables_category_C031117,矫形板,031117,nhsa_consumables_category_C0311
nhsa_consumables_category_C031119,其他接骨板,031119,nhsa_consumables_category_C0311
nhsa_consumables_category_C031120,关节融合板,031120,nhsa_consumables_category_C0311
nhsa_consumables_category_C031121,肩胛骨接骨板,031121,nhsa_consumables_category_C0311
nhsa_consumables_category_C031201,万向锁定螺钉,031201,nhsa_consumables_category_C0312
nhsa_consumables_category_C031202,普通锁定螺钉,031202,nhsa_consumables_category_C0312
nhsa_consumables_category_C031203,皮质骨螺钉,031203,nhsa_consumables_category_C0312
nhsa_consumables_category_C031204,松质骨螺钉,031204,nhsa_consumables_category_C0312
nhsa_consumables_category_C031205,空心钉,031205,nhsa_consumables_category_C0312
nhsa_consumables_category_C031206,胸肋骨螺钉,031206,nhsa_consumables_category_C0312
nhsa_consumables_category_C031207,其他螺钉,031207,nhsa_consumables_category_C0312
nhsa_consumables_category_C031301,锁骨髓内钉,031301,nhsa_consumables_category_C0313
nhsa_consumables_category_C031302,肱骨髓内钉,031302,nhsa_consumables_category_C0313
nhsa_consumables_category_C031303,尺骨髓内钉,031303,nhsa_consumables_category_C0313
nhsa_consumables_category_C031304,桡骨髓内钉,031304,nhsa_consumables_category_C0313
nhsa_consumables_category_C031305,股骨髓内钉,031305,nhsa_consumables_category_C0313
nhsa_consumables_category_C031306,胫骨髓内钉,031306,nhsa_consumables_category_C0313
nhsa_consumables_category_C031307,腓骨髓内钉,031307,nhsa_consumables_category_C0313
nhsa_consumables_category_C031308,足踝髓内钉,031308,nhsa_consumables_category_C0313
nhsa_consumables_category_C031309,弹性髓内钉,031309,nhsa_consumables_category_C0313
nhsa_consumables_category_C031310,其他髓内钉,031310,nhsa_consumables_category_C0313
nhsa_consumables_category_C031311,髓内钉配件,031311,nhsa_consumables_category_C0313
nhsa_consumables_category_C031401,外固定架固定针,031401,nhsa_consumables_category_C0314
nhsa_consumables_category_C031402,外固定架固定夹,031402,nhsa_consumables_category_C0314
nhsa_consumables_category_C031403,外固定架连接棒（环）,031403,nhsa_consumables_category_C0314
nhsa_consumables_category_C031404,外固定架配件,031404,nhsa_consumables_category_C0314
nhsa_consumables_category_C031501,线缆,031501,nhsa_consumables_category_C0315
nhsa_consumables_category_C031502,针缆,031502,nhsa_consumables_category_C0315
nhsa_consumables_category_C031503,钉缆,031503,nhsa_consumables_category_C0315
nhsa_consumables_category_C031504,胸骨结扎带,031504,nhsa_consumables_category_C0315
nhsa_consumables_category_C031505,捆绑带,031505,nhsa_consumables_category_C0315
nhsa_consumables_category_C031506,捆绑系统配件,031506,nhsa_consumables_category_C0315
nhsa_consumables_category_C031601,克氏针,031601,nhsa_consumables_category_C0316
nhsa_consumables_category_C031602,垫片,031602,nhsa_consumables_category_C0316
nhsa_consumables_category_C031603,接骨棒,031603,nhsa_consumables_category_C0316
nhsa_consumables_category_C031604,导板,031604,nhsa_consumables_category_C0316
nhsa_consumables_category_C031605,螺栓,031605,nhsa_consumables_category_C0316
nhsa_consumables_category_C031606,堵孔塞,031606,nhsa_consumables_category_C0316
nhsa_consumables_category_C031607,胸肋骨环抱器,031607,nhsa_consumables_category_C0316
nhsa_consumables_category_C031608,肋骨髓内板,031608,nhsa_consumables_category_C0316
nhsa_consumables_category_C031609,其他固定材料,031609,nhsa_consumables_category_C0316
nhsa_consumables_category_C031701,枕骨板,031701,nhsa_consumables_category_C0317
nhsa_consumables_category_C031702,枕骨棒,031702,nhsa_consumables_category_C0317
nhsa_consumables_category_C031703,枕骨夹,031703,nhsa_consumables_category_C0317
nhsa_consumables_category_C031704,枕骨钉,031704,nhsa_consumables_category_C0317
nhsa_consumables_category_C031705,枕骨螺帽,031705,nhsa_consumables_category_C0317
nhsa_consumables_category_C031706,枕颈固定系统其他部件,031706,nhsa_consumables_category_C0317
nhsa_consumables_category_C031801,寰枢椎前路固定板,031801,nhsa_consumables_category_C0318
nhsa_consumables_category_C031802,寰枢椎前路固定钉,031802,nhsa_consumables_category_C0318
nhsa_consumables_category_C031902,寰枢椎后路固定棒,031902,nhsa_consumables_category_C0319
nhsa_consumables_category_C031903,寰枢椎后路固定钉,031903,nhsa_consumables_category_C0319
nhsa_consumables_category_C031904,寰枢椎后路固定系统其他部件,031904,nhsa_consumables_category_C0319
nhsa_consumables_category_C032001,颈椎前路锁定板,032001,nhsa_consumables_category_C0320
nhsa_consumables_category_C032002,颈椎前路滑动板,032002,nhsa_consumables_category_C0320
nhsa_consumables_category_C032003,颈椎前路椎间融合固定装置,032003,nhsa_consumables_category_C0320
nhsa_consumables_category_C032004,颈椎前路钉,032004,nhsa_consumables_category_C0320
nhsa_consumables_category_C032005,颈椎前路固定系统其他部件,032005,nhsa_consumables_category_C0320
nhsa_consumables_category_C032101,颈椎后路椎板成形板,032101,nhsa_consumables_category_C0321
nhsa_consumables_category_C032102,颈椎后路固定板,032102,nhsa_consumables_category_C0321
nhsa_consumables_category_C032103,颈椎后路固定棒,032103,nhsa_consumables_category_C0321
nhsa_consumables_category_C032104,颈椎后路椎板钩,032104,nhsa_consumables_category_C0321
nhsa_consumables_category_C032105,颈椎后路连接器,032105,nhsa_consumables_category_C0321
nhsa_consumables_category_C032106,颈椎后路椎弓根/侧块螺钉,032106,nhsa_consumables_category_C0321
nhsa_consumables_category_C032107,颈椎后路横连,032107,nhsa_consumables_category_C0321
nhsa_consumables_category_C032108,颈椎后路椎板成形钉,032108,nhsa_consumables_category_C0321
nhsa_consumables_category_C032109,颈椎后路锁定螺帽,032109,nhsa_consumables_category_C0321
nhsa_consumables_category_C032110,颈椎后路铰链板,032110,nhsa_consumables_category_C0321
nhsa_consumables_category_C032111,颈椎后路侧孔板,032111,nhsa_consumables_category_C0321
nhsa_consumables_category_C032112,颈椎后路钉头横连,032112,nhsa_consumables_category_C0321
nhsa_consumables_category_C032113,颈椎后路固定系统其他部件,032113,nhsa_consumables_category_C0321
nhsa_consumables_category_C032201,钛肋,032201,nhsa_consumables_category_C0322
nhsa_consumables_category_C032202,生长阀,032202,nhsa_consumables_category_C0322
nhsa_consumables_category_C032203,滑动钉,032203,nhsa_consumables_category_C0322
nhsa_consumables_category_C032204,脊柱侧弯矫形系统其他部件,032204,nhsa_consumables_category_C0322
nhsa_consumables_category_C032301,双直径棒,032301,nhsa_consumables_category_C0323
nhsa_consumables_category_C032302,颈胸连接器,032302,nhsa_consumables_category_C0323
nhsa_consumables_category_C032303,单直径棒,032303,nhsa_consumables_category_C0323
nhsa_consumables_category_C032304,颈胸固定系统其他部件,032304,nhsa_consumables_category_C0323
nhsa_consumables_category_C032401,胸腰椎前路固定板,032401,nhsa_consumables_category_C0324
nhsa_consumables_category_C032402,胸腰椎前路固定棒,032402,nhsa_consumables_category_C0324
nhsa_consumables_category_C032403,胸腰椎前路椎体螺钉,032403,nhsa_consumables_category_C0324
nhsa_consumables_category_C032404,胸腰椎前路椎间融合固定装置,032404,nhsa_consumables_category_C0324
nhsa_consumables_category_C032405,胸腰椎前路椎体单栓钉,032405,nhsa_consumables_category_C0324
nhsa_consumables_category_C032406,胸腰椎前路垫片,032406,nhsa_consumables_category_C0324
nhsa_consumables_category_C032407,胸腰椎前路横向连接器,032407,nhsa_consumables_category_C0324
nhsa_consumables_category_C032408,胸腰椎前路固定系统其他部件,032408,nhsa_consumables_category_C0324
nhsa_consumables_category_C032501,胸腰椎后路固定板,032501,nhsa_consumables_category_C0325
nhsa_consumables_category_C032502,胸腰椎后路固定棒,032502,nhsa_consumables_category_C0325
nhsa_consumables_category_C032503,胸腰椎后路固定钩,032503,nhsa_consumables_category_C0325
nhsa_consumables_category_C032504,胸腰椎后路固定夹,032504,nhsa_consumables_category_C0325
nhsa_consumables_category_C032505,胸腰椎后路椎弓根长尾螺钉,032505,nhsa_consumables_category_C0325
nhsa_consumables_category_C032506,胸腰椎后路椎弓根短尾螺钉,032506,nhsa_consumables_category_C0325
nhsa_consumables_category_C032507,胸腰椎后路椎弓根螺帽,032507,nhsa_consumables_category_C0325
nhsa_consumables_category_C032508,胸腰椎后路横连,032508,nhsa_consumables_category_C0325
nhsa_consumables_category_C032509,胸腰椎后路钉棒连接器,032509,nhsa_consumables_category_C0325
nhsa_consumables_category_C032510,胸腰椎后路关节突螺钉,032510,nhsa_consumables_category_C0325
nhsa_consumables_category_C032511,胸腰椎后路骨水泥加强螺钉,032511,nhsa_consumables_category_C0325
nhsa_consumables_category_C032512,胸腰椎后路膨胀螺钉,032512,nhsa_consumables_category_C0325
nhsa_consumables_category_C032513,胸腰椎后路皮质骨螺钉,032513,nhsa_consumables_category_C0325
nhsa_consumables_category_C032514,多米诺连接,032514,nhsa_consumables_category_C0325
nhsa_consumables_category_C032515,胸腰椎后路关节突固定融合器,032515,nhsa_consumables_category_C0325
nhsa_consumables_category_C032516,胸腰椎后路固定系统其他部件,032516,nhsa_consumables_category_C0325
nhsa_consumables_category_C032601,经皮胸腰椎后路固定棒,032601,nhsa_consumables_category_C0326
nhsa_consumables_category_C032602,经皮胸腰椎后路椎弓根螺钉,032602,nhsa_consumables_category_C0326
nhsa_consumables_category_C032603,胸腰椎后路椎弓根螺帽,032603,nhsa_consumables_category_C0326
nhsa_consumables_category_C032604,胸腰椎后路关节突融合器,032604,nhsa_consumables_category_C0326
nhsa_consumables_category_C032605,胸腰椎后路横联,032605,nhsa_consumables_category_C0326
nhsa_consumables_category_C032606,经皮胸腰椎后路预弯棒,032606,nhsa_consumables_category_C0326
nhsa_consumables_category_C032607,胸腰椎后路微创系统其他部件,032607,nhsa_consumables_category_C0326
nhsa_consumables_category_C032701,胸腰椎后路固定板,032701,nhsa_consumables_category_C0327
nhsa_consumables_category_C032702,胸腰椎后路固定棒,032702,nhsa_consumables_category_C0327
nhsa_consumables_category_C032703,胸腰椎后路固定钩,032703,nhsa_consumables_category_C0327
nhsa_consumables_category_C032704,胸腰椎后路椎弓根螺钉,032704,nhsa_consumables_category_C0327
nhsa_consumables_category_C032705,胸腰椎后路椎弓根螺帽,032705,nhsa_consumables_category_C0327
nhsa_consumables_category_C032706,胸腰椎后路螺钉,032706,nhsa_consumables_category_C0327
nhsa_consumables_category_C032707,胸腰椎后路螺帽,032707,nhsa_consumables_category_C0327
nhsa_consumables_category_C032708,腰椎后路横连,032708,nhsa_consumables_category_C0327
nhsa_consumables_category_C032710,胸腰椎后路小儿矫形系统其他部件,032710,nhsa_consumables_category_C0327
nhsa_consumables_category_C032801,骶髂固定板,032801,nhsa_consumables_category_C0328
nhsa_consumables_category_C032802,骶髂侧方连接器,032802,nhsa_consumables_category_C0328
nhsa_consumables_category_C032803,骶髂骨螺钉,032803,nhsa_consumables_category_C0328
nhsa_consumables_category_C032804,连接器,032804,nhsa_consumables_category_C0328
nhsa_consumables_category_C032805,骶髂固定系统其他部件,032805,nhsa_consumables_category_C0328
nhsa_consumables_category_C032901,胸腰椎融合器,032901,nhsa_consumables_category_C0329
nhsa_consumables_category_C032902,颈椎融合器,032902,nhsa_consumables_category_C0329
nhsa_consumables_category_C032903,3D打印椎间融合器,032903,nhsa_consumables_category_C0329
nhsa_consumables_category_C032904,关节突融合器,032904,nhsa_consumables_category_C0329
nhsa_consumables_category_C032905,胸腰椎人工椎体,032905,nhsa_consumables_category_C0329
nhsa_consumables_category_C032906,颈椎人工椎体,032906,nhsa_consumables_category_C0329
nhsa_consumables_category_C032907,定制人工椎体,032907,nhsa_consumables_category_C0329
nhsa_consumables_category_C032908,胸腰椎钛网,032908,nhsa_consumables_category_C0329
nhsa_consumables_category_C032909,颈椎钛网,032909,nhsa_consumables_category_C0329
nhsa_consumables_category_C032910,其他脊柱固定融合系统材料,032910,nhsa_consumables_category_C0329
nhsa_consumables_category_C033001,腰椎非融合植入物,033001,nhsa_consumables_category_C0330
nhsa_consumables_category_C033002,腰椎非融合锁扣（环）,033002,nhsa_consumables_category_C0330
nhsa_consumables_category_C033003,腰椎非融合捆绑带,033003,nhsa_consumables_category_C0330
nhsa_consumables_category_C033004,腰椎后路非融合螺钉,033004,nhsa_consumables_category_C0330
nhsa_consumables_category_C033005,腰椎后路非融合套管,033005,nhsa_consumables_category_C0330
nhsa_consumables_category_C033006,腰椎后路非融合绳索,033006,nhsa_consumables_category_C0330
nhsa_consumables_category_C033007,腰椎后路非融合连接器,033007,nhsa_consumables_category_C0330
nhsa_consumables_category_C033008,腰椎后路连接棒,033008,nhsa_consumables_category_C0330
nhsa_consumables_category_C033009,腰椎非融合系统其他部件,033009,nhsa_consumables_category_C0330
nhsa_consumables_category_C033101,工作套筒,033101,nhsa_consumables_category_C0331
nhsa_consumables_category_C033102,穿刺针,033102,nhsa_consumables_category_C0331
nhsa_consumables_category_C033103,磨钻,033103,nhsa_consumables_category_C0331
nhsa_consumables_category_C033104,球囊,033104,nhsa_consumables_category_C0331
nhsa_consumables_category_C033105,球囊注射器,033105,nhsa_consumables_category_C0331
nhsa_consumables_category_C033106,支架,033106,nhsa_consumables_category_C0331
nhsa_consumables_category_C033107,活检器,033107,nhsa_consumables_category_C0331
nhsa_consumables_category_C033108,刮勺,033108,nhsa_consumables_category_C0331
nhsa_consumables_category_C033109,引导丝,033109,nhsa_consumables_category_C0331
nhsa_consumables_category_C033110,定向椎体成形工具,033110,nhsa_consumables_category_C0331
nhsa_consumables_category_C033111,骨水泥搅拌注入系统,033111,nhsa_consumables_category_C0331
nhsa_consumables_category_C033112,金属网状支撑物,033112,nhsa_consumables_category_C0331
nhsa_consumables_category_C033113,穿刺通道一体锥,033113,nhsa_consumables_category_C0331
nhsa_consumables_category_C033114,支架入路系统,033114,nhsa_consumables_category_C0331
nhsa_consumables_category_C033115,支架充盈系统,033115,nhsa_consumables_category_C0331
nhsa_consumables_category_C033116,椎体成形系统其他部件,033116,nhsa_consumables_category_C0331
nhsa_consumables_category_C033201,颈椎人工椎间盘,033201,nhsa_consumables_category_C0332
nhsa_consumables_category_C033301,内镜射频刀头,033301,nhsa_consumables_category_C0333
nhsa_consumables_category_C033302,内镜镜下钻头,033302,nhsa_consumables_category_C0333
nhsa_consumables_category_C033303,内镜下超声骨刀,033303,nhsa_consumables_category_C0333
nhsa_consumables_category_C033304,脊柱内镜配套系统其他部件,033304,nhsa_consumables_category_C0333
nhsa_consumables_category_C033401,肱骨柄,033401,nhsa_consumables_category_C0334
nhsa_consumables_category_C033402,肱骨头,033402,nhsa_consumables_category_C0334
nhsa_consumables_category_C033403,肩盂,033403,nhsa_consumables_category_C0334
nhsa_consumables_category_C033404,肱骨头柄连接器,033404,nhsa_consumables_category_C0334
nhsa_consumables_category_C033405,锥度适配器,033405,nhsa_consumables_category_C0334
nhsa_consumables_category_C033501,肱骨柄,033501,nhsa_consumables_category_C0335
nhsa_consumables_category_C033502,肱骨头,033502,nhsa_consumables_category_C0335
nhsa_consumables_category_C033503,其他人工肩关节配件,033503,nhsa_consumables_category_C0335
nhsa_consumables_category_C033601,肱骨柄,033601,nhsa_consumables_category_C0336
nhsa_consumables_category_C033602,肱骨垫块,033602,nhsa_consumables_category_C0336
nhsa_consumables_category_C033603,肱骨柄间隔器,033603,nhsa_consumables_category_C0336
nhsa_consumables_category_C033604,反转肩盂头,033604,nhsa_consumables_category_C0336
nhsa_consumables_category_C033605,肩盂基底座,033605,nhsa_consumables_category_C0336
nhsa_consumables_category_C033606,固定螺钉,033606,nhsa_consumables_category_C0336
nhsa_consumables_category_C033607,其他人工反肩配件,033607,nhsa_consumables_category_C0336
nhsa_consumables_category_C033701,尺骨干,033701,nhsa_consumables_category_C0337
nhsa_consumables_category_C033702,肱骨干,033702,nhsa_consumables_category_C0337
nhsa_consumables_category_C033703,铰链钉,033703,nhsa_consumables_category_C0337
nhsa_consumables_category_C033704,衬套,033704,nhsa_consumables_category_C0337
nhsa_consumables_category_C033705,桡骨假体,033705,nhsa_consumables_category_C0337
nhsa_consumables_category_C033706,其他人工肘关节配件,033706,nhsa_consumables_category_C0337
nhsa_consumables_category_C033801,滑动核,033801,nhsa_consumables_category_C0338
nhsa_consumables_category_C033802,胫骨假体,033802,nhsa_consumables_category_C0338
nhsa_consumables_category_C033803,距骨假体,033803,nhsa_consumables_category_C0338
nhsa_consumables_category_C033901,腕关节,033901,nhsa_consumables_category_C0339
nhsa_consumables_category_C033902,指关节,033902,nhsa_consumables_category_C0339
nhsa_consumables_category_C033903,趾关节,033903,nhsa_consumables_category_C0339
nhsa_consumables_category_C034001,捆绑带,034001,nhsa_consumables_category_C0340
nhsa_consumables_category_C034003,骨水泥搅拌器,034003,nhsa_consumables_category_C0340
nhsa_consumables_category_C034004,远端塞,034004,nhsa_consumables_category_C0340
nhsa_consumables_category_C034005,髋臼螺钉,034005,nhsa_consumables_category_C0340
nhsa_consumables_category_C034006,膝关节螺钉,034006,nhsa_consumables_category_C0340
nhsa_consumables_category_C034007,封堵帽,034007,nhsa_consumables_category_C0340
nhsa_consumables_category_C034008,中置器,034008,nhsa_consumables_category_C0340
nhsa_consumables_category_C034009,粗隆爪,034009,nhsa_consumables_category_C0340
nhsa_consumables_category_C034010,股骨头坏死重建棒,034010,nhsa_consumables_category_C0340
nhsa_consumables_category_C034011,髓腔塞,034011,nhsa_consumables_category_C0340
nhsa_consumables_category_C034012,髓腔刷,034012,nhsa_consumables_category_C0340
nhsa_consumables_category_C034013,全膝关节置换术定位系统,034013,nhsa_consumables_category_C0340
nhsa_consumables_category_C034014,其他关节、配件材料,034014,nhsa_consumables_category_C0340
nhsa_consumables_category_C034101,近端股骨肿瘤假体,034101,nhsa_consumables_category_C0341
nhsa_consumables_category_C034102,远端股骨肿瘤假体,034102,nhsa_consumables_category_C0341
nhsa_consumables_category_C034103,近端胫骨肿瘤假体,034103,nhsa_consumables_category_C0341
nhsa_consumables_category_C034104,股骨柄,034104,nhsa_consumables_category_C0341
nhsa_consumables_category_C034105,股骨髁,034105,nhsa_consumables_category_C0341
nhsa_consumables_category_C034106,胫骨平台,034106,nhsa_consumables_category_C0341
nhsa_consumables_category_C034107,胫骨垫片,034107,nhsa_consumables_category_C0341
nhsa_consumables_category_C034108,延长杆,034108,nhsa_consumables_category_C0341
nhsa_consumables_category_C034109,肿瘤膝关节,034109,nhsa_consumables_category_C0341
nhsa_consumables_category_C034110,髋膝关节假体,034110,nhsa_consumables_category_C0341
nhsa_consumables_category_C034111,股骨髁轴套管,034111,nhsa_consumables_category_C0341
nhsa_consumables_category_C034112,股骨髁轴,034112,nhsa_consumables_category_C0341
nhsa_consumables_category_C034113,其他骨肿瘤人工关节,034113,nhsa_consumables_category_C0341
nhsa_consumables_category_C034201,股骨假体,034201,nhsa_consumables_category_C0342
nhsa_consumables_category_C034202,胫骨假体,034202,nhsa_consumables_category_C0342
nhsa_consumables_category_C034203,垫片,034203,nhsa_consumables_category_C0342
nhsa_consumables_category_C034204,髌骨假体,034204,nhsa_consumables_category_C0342
nhsa_consumables_category_C034205,髌股关节假体,034205,nhsa_consumables_category_C0342
nhsa_consumables_category_C034206,单髁股骨假体,034206,nhsa_consumables_category_C0342
nhsa_consumables_category_C034207,单髁胫骨假体,034207,nhsa_consumables_category_C0342
nhsa_consumables_category_C034208,单髁垫片,034208,nhsa_consumables_category_C0342
nhsa_consumables_category_C034209,初次置换人工膝关节其他部件,034209,nhsa_consumables_category_C0342
nhsa_consumables_category_C034301,胫骨平台,034301,nhsa_consumables_category_C0343
nhsa_consumables_category_C034302,垫片,034302,nhsa_consumables_category_C0343
nhsa_consumables_category_C034303,填充块,034303,nhsa_consumables_category_C0343
nhsa_consumables_category_C034304,延长杆,034304,nhsa_consumables_category_C0343
nhsa_consumables_category_C034305,股骨髁,034305,nhsa_consumables_category_C0343
nhsa_consumables_category_C034306,翻修袖套,034306,nhsa_consumables_category_C0343
nhsa_consumables_category_C034307,连接件,034307,nhsa_consumables_category_C0343
nhsa_consumables_category_C034308,连接螺栓,034308,nhsa_consumables_category_C0343
nhsa_consumables_category_C034309,股骨袖套接口,034309,nhsa_consumables_category_C0343
nhsa_consumables_category_C034310,翻修置换人工膝关节其他部件,034310,nhsa_consumables_category_C0343
nhsa_consumables_category_C034401,组配式股骨柄,034401,nhsa_consumables_category_C0344
nhsa_consumables_category_C034402,一体式股骨柄,034402,nhsa_consumables_category_C0344
nhsa_consumables_category_C034403,金属髋臼杯,034403,nhsa_consumables_category_C0344
nhsa_consumables_category_C034404,非金属髋臼杯,034404,nhsa_consumables_category_C0344
nhsa_consumables_category_C034405,股骨头,034405,nhsa_consumables_category_C0344
nhsa_consumables_category_C034406,髋臼内衬,034406,nhsa_consumables_category_C0344
nhsa_consumables_category_C034407,股骨颈,034407,nhsa_consumables_category_C0344
nhsa_consumables_category_C034408,髋臼螺钉,034408,nhsa_consumables_category_C0344
nhsa_consumables_category_C034409,初次置换人工髋关节其他部件,034409,nhsa_consumables_category_C0344
nhsa_consumables_category_C034501,组配式股骨柄,034501,nhsa_consumables_category_C0345
nhsa_consumables_category_C034502,一体式股骨柄,034502,nhsa_consumables_category_C0345
nhsa_consumables_category_C034503,股骨头,034503,nhsa_consumables_category_C0345
nhsa_consumables_category_C034504,髋臼网架,034504,nhsa_consumables_category_C0345
nhsa_consumables_category_C034505,金属髋臼杯,034505,nhsa_consumables_category_C0345
nhsa_consumables_category_C034506,非金属髋臼杯,034506,nhsa_consumables_category_C0345
nhsa_consumables_category_C034507,髋臼垫块,034507,nhsa_consumables_category_C0345
nhsa_consumables_category_C034508,髋臼螺钉,034508,nhsa_consumables_category_C0345
nhsa_consumables_category_C034509,垫块螺钉,034509,nhsa_consumables_category_C0345
nhsa_consumables_category_C034510,髋臼内衬,034510,nhsa_consumables_category_C0345
nhsa_consumables_category_C034511,股骨颈,034511,nhsa_consumables_category_C0345
nhsa_consumables_category_C034512,链接螺栓,034512,nhsa_consumables_category_C0345
nhsa_consumables_category_C034513,翻修置换人工髋关节其他部件,034513,nhsa_consumables_category_C0345
nhsa_consumables_category_C034601,双极头,034601,nhsa_consumables_category_C0346
nhsa_consumables_category_C034701,异种骨,034701,nhsa_consumables_category_C0347
nhsa_consumables_category_C034702,同种异体骨,034702,nhsa_consumables_category_C0347
nhsa_consumables_category_C034703,人工合成骨,034703,nhsa_consumables_category_C0347
nhsa_consumables_category_C034704,骨形成蛋白,034704,nhsa_consumables_category_C0347
nhsa_consumables_category_C034705,骨水泥,034705,nhsa_consumables_category_C0347
nhsa_consumables_category_C034706,骨水泥注射器,034706,nhsa_consumables_category_C0347
nhsa_consumables_category_C034801,钻头,034801,nhsa_consumables_category_C0348
nhsa_consumables_category_C034802,铣刀,034802,nhsa_consumables_category_C0348
nhsa_consumables_category_C034803,磨头,034803,nhsa_consumables_category_C0348
nhsa_consumables_category_C034804,锯片,034804,nhsa_consumables_category_C0348
nhsa_consumables_category_C034805,刨刀,034805,nhsa_consumables_category_C0348
nhsa_consumables_category_C034806,超声骨刀,034806,nhsa_consumables_category_C0348
nhsa_consumables_category_C034807,超声吸引骨刀,034807,nhsa_consumables_category_C0348
nhsa_consumables_category_C034901,骨科机器人手术相关材料,034901,nhsa_consumables_category_C0349
nhsa_consumables_category_C035001,定位导向器,035001,nhsa_consumables_category_C0350
nhsa_consumables_category_C035002,骨科导航相关材料,035002,nhsa_consumables_category_C0350
nhsa_consumables_category_C040101,颅骨钉,040101,nhsa_consumables_category_C0401
nhsa_consumables_category_C040102,颅骨锁,040102,nhsa_consumables_category_C0401
nhsa_consumables_category_C040103,颅骨网,040103,nhsa_consumables_category_C0401
nhsa_consumables_category_C040104,颅骨板,040104,nhsa_consumables_category_C0401
nhsa_consumables_category_C040105,其他颅骨固定/修补材料,040105,nhsa_consumables_category_C0401
nhsa_consumables_category_C040301,硬脑（脊）膜补片,040301,nhsa_consumables_category_C0403
nhsa_consumables_category_C040401,常规瘤夹,040401,nhsa_consumables_category_C0404
nhsa_consumables_category_C040402,异形瘤夹,040402,nhsa_consumables_category_C0404
nhsa_consumables_category_C040501,蝶骨电极,040501,nhsa_consumables_category_C0405
nhsa_consumables_category_C040503,皮层电极,040503,nhsa_consumables_category_C0405
nhsa_consumables_category_C040504,深部电极,040504,nhsa_consumables_category_C0405
nhsa_consumables_category_C040505,电极导线,040505,nhsa_consumables_category_C0405
nhsa_consumables_category_C040506,其他脑电监测材料,040506,nhsa_consumables_category_C0405
nhsa_consumables_category_C040601,颅内压监测探头,040601,nhsa_consumables_category_C0406
nhsa_consumables_category_C040701,脑室端导管,040701,nhsa_consumables_category_C0407
nhsa_consumables_category_C040702,腰骶端导管,040702,nhsa_consumables_category_C0407
nhsa_consumables_category_C040703,腹腔端导管,040703,nhsa_consumables_category_C0407
nhsa_consumables_category_C040704,脑室-腹腔分流装置,040704,nhsa_consumables_category_C0407
nhsa_consumables_category_C040706,腰骶-腹腔分流装置,040706,nhsa_consumables_category_C0407
nhsa_consumables_category_C040708,脑室-腹腔分流阀,040708,nhsa_consumables_category_C0407
nhsa_consumables_category_C040710,腰骶-腹腔分流阀,040710,nhsa_consumables_category_C0407
nhsa_consumables_category_C040712,脑室储液囊,040712,nhsa_consumables_category_C0407
nhsa_consumables_category_C040713,颅内压监测装置,040713,nhsa_consumables_category_C0407
nhsa_consumables_category_C040714,体外引流装置,040714,nhsa_consumables_category_C0407
nhsa_consumables_category_C040715,其他脑脊液分流材料,040715,nhsa_consumables_category_C0407
nhsa_consumables_category_C040801,脑深部电刺激器,040801,nhsa_consumables_category_C0408
nhsa_consumables_category_C040802,脑神经刺激电极,040802,nhsa_consumables_category_C0408
nhsa_consumables_category_C040803,脑神经刺激电极导线,040803,nhsa_consumables_category_C0408
nhsa_consumables_category_C040804,脑深部电刺激程控器,040804,nhsa_consumables_category_C0408
nhsa_consumables_category_C040805,脑深部电刺激控制器,040805,nhsa_consumables_category_C0408
nhsa_consumables_category_C040806,脑深部电磁患者充电器,040806,nhsa_consumables_category_C0408
nhsa_consumables_category_C040807,脑深部电刺激皮下隧道工具,040807,nhsa_consumables_category_C0408
nhsa_consumables_category_C040809,脊髓神经电刺激电极,040809,nhsa_consumables_category_C0408
nhsa_consumables_category_C040810,脊髓神经电刺激电极导线,040810,nhsa_consumables_category_C0408
nhsa_consumables_category_C040811,脊髓神经电刺激测试电缆,040811,nhsa_consumables_category_C0408
nhsa_consumables_category_C040812,脊髓神经电刺激程控器,040812,nhsa_consumables_category_C0408
nhsa_consumables_category_C040813,脊髓神经电刺激充电器套装,040813,nhsa_consumables_category_C0408
nhsa_consumables_category_C040814,脊髓神经电刺激刺激器,040814,nhsa_consumables_category_C0408
nhsa_consumables_category_C040815,体外刺激器,040815,nhsa_consumables_category_C0408
nhsa_consumables_category_C040816,鞘内药物灌注泵,040816,nhsa_consumables_category_C0408
nhsa_consumables_category_C040817,鞘内药物灌注导管,040817,nhsa_consumables_category_C0408
nhsa_consumables_category_C040818,鞘内药物灌注程控器,040818,nhsa_consumables_category_C0408
nhsa_consumables_category_C040819,鞘内药物灌注隧道器,040819,nhsa_consumables_category_C0408
nhsa_consumables_category_C040820,鞘内药物再灌注包,040820,nhsa_consumables_category_C0408
nhsa_consumables_category_C040821,鞘内药物灌注急救包,040821,nhsa_consumables_category_C0408
nhsa_consumables_category_C040822,骶神经调节神经刺激器,040822,nhsa_consumables_category_C0408
nhsa_consumables_category_C040823,骶神经调节电极,040823,nhsa_consumables_category_C0408
nhsa_consumables_category_C040824,骶神经调节电极附件,040824,nhsa_consumables_category_C0408
nhsa_consumables_category_C040825,骶神经调节程控仪,040825,nhsa_consumables_category_C0408
nhsa_consumables_category_C040826,迷走神经刺激器,040826,nhsa_consumables_category_C0408
nhsa_consumables_category_C040827,其他神经刺激材料,040827,nhsa_consumables_category_C0408
nhsa_consumables_category_C040828,脑神经刺激测试电缆,040828,nhsa_consumables_category_C0408
nhsa_consumables_category_C050101,外科消融套包,050101,nhsa_consumables_category_C0501
nhsa_consumables_category_C050102,双极消融钳,050102,nhsa_consumables_category_C0501
nhsa_consumables_category_C050103,消融笔,050103,nhsa_consumables_category_C0501
nhsa_consumables_category_C050104,心耳闭合装置,050104,nhsa_consumables_category_C0501
nhsa_consumables_category_C050201,心脏固定器,050201,nhsa_consumables_category_C0502
nhsa_consumables_category_C050202,冠状动脉内分流管,050202,nhsa_consumables_category_C0502
nhsa_consumables_category_C050203,吹雾管,050203,nhsa_consumables_category_C0502
nhsa_consumables_category_C050204,打孔器,050204,nhsa_consumables_category_C0502
nhsa_consumables_category_C050205,内窥镜取血管装置,050205,nhsa_consumables_category_C0502
nhsa_consumables_category_C050206,冠脉近端吻合辅助器械,050206,nhsa_consumables_category_C0502
nhsa_consumables_category_C050301,机械瓣膜,050301,nhsa_consumables_category_C0503
nhsa_consumables_category_C050302,生物瓣膜,050302,nhsa_consumables_category_C0503
nhsa_consumables_category_C050303,瓣膜成型环/带,050303,nhsa_consumables_category_C0503
nhsa_consumables_category_C050304,带瓣管道,050304,nhsa_consumables_category_C0503
nhsa_consumables_category_C050401,心室辅助装置,050401,nhsa_consumables_category_C0504
nhsa_consumables_category_C050501,其他心脏外科材料,050501,nhsa_consumables_category_C0505
nhsa_consumables_category_C060101,人工耳蜗,060101,nhsa_consumables_category_C0601
nhsa_consumables_category_C060102,人工听小骨,060102,nhsa_consumables_category_C0601
nhsa_consumables_category_C060103,骨导助听器,060103,nhsa_consumables_category_C0601
nhsa_consumables_category_C060104,振动声桥,060104,nhsa_consumables_category_C0601
nhsa_consumables_category_C060202,人工血管,060202,nhsa_consumables_category_C0602
nhsa_consumables_category_C060302,人工喉,060302,nhsa_consumables_category_C0603
nhsa_consumables_category_C060401,人工尿道括约肌,060401,nhsa_consumables_category_C0604
nhsa_consumables_category_C060501,人工阴茎假体,060501,nhsa_consumables_category_C0605
nhsa_consumables_category_C060601,其他人工器官、组织及配套材料,060601,nhsa_consumables_category_C0606
nhsa_consumables_category_C060701,乳房填充物,060701,nhsa_consumables_category_C0607
nhsa_consumables_category_C060702,外耳廓填充物,060702,nhsa_consumables_category_C0607
nhsa_consumables_category_C060704,其他器官填充材料,060704,nhsa_consumables_category_C0607
nhsa_consumables_category_C060705,乳房组织扩张器,060705,nhsa_consumables_category_C0607
nhsa_consumables_category_C070101,颌面接骨板,070101,nhsa_consumables_category_C0701
nhsa_consumables_category_C070102,颌面部螺钉,070102,nhsa_consumables_category_C0701
nhsa_consumables_category_C070103,颌间固定系统,070103,nhsa_consumables_category_C0701
nhsa_consumables_category_C070104,钛网,070104,nhsa_consumables_category_C0701
nhsa_consumables_category_C070105,面部重建植入物,070105,nhsa_consumables_category_C0701
nhsa_consumables_category_C070106,人工颞下颌关节,070106,nhsa_consumables_category_C0701
nhsa_consumables_category_C070107,牵引器,070107,nhsa_consumables_category_C0701
nhsa_consumables_category_C070201,种植体,070201,nhsa_consumables_category_C0702
nhsa_consumables_category_C070202,修复基台,070202,nhsa_consumables_category_C0702
nhsa_consumables_category_C070203,愈合基台,070203,nhsa_consumables_category_C0702
nhsa_consumables_category_C070204,种植修复配件,070204,nhsa_consumables_category_C0702
nhsa_consumables_category_C070205,骨替代品,070205,nhsa_consumables_category_C0702
nhsa_consumables_category_C070206,屏障膜,070206,nhsa_consumables_category_C0702
nhsa_consumables_category_C070208,口腔种植导板,070208,nhsa_consumables_category_C0702
nhsa_consumables_category_C070301,机用锉,070301,nhsa_consumables_category_C0703
nhsa_consumables_category_C070302,根管预备辅助材料,070302,nhsa_consumables_category_C0703
nhsa_consumables_category_C070303,根管冲洗消毒材料,070303,nhsa_consumables_category_C0703
nhsa_consumables_category_C070304,根管充填材料,070304,nhsa_consumables_category_C0703
nhsa_consumables_category_C070401,水门汀,070401,nhsa_consumables_category_C0704
nhsa_consumables_category_C070402,粘接剂,070402,nhsa_consumables_category_C0704
nhsa_consumables_category_C070403,酸蚀剂,070403,nhsa_consumables_category_C0704
nhsa_consumables_category_C070404,预处理剂,070404,nhsa_consumables_category_C0704
nhsa_consumables_category_C070501,牙体充填材料,070501,nhsa_consumables_category_C0705
nhsa_consumables_category_C070502,盖髓剂,070502,nhsa_consumables_category_C0705
nhsa_consumables_category_C070503,牙齿漂白剂,070503,nhsa_consumables_category_C0705
nhsa_consumables_category_C070504,脱敏剂,070504,nhsa_consumables_category_C0705
nhsa_consumables_category_C070601,定制式义齿用材料及制品,070601,nhsa_consumables_category_C0706
nhsa_consumables_category_C070701,试戴材料,070701,nhsa_consumables_category_C0707
nhsa_consumables_category_C070702,铸造包埋材,070702,nhsa_consumables_category_C0707
nhsa_consumables_category_C070705,模型材料,070705,nhsa_consumables_category_C0707
nhsa_consumables_category_C070706,蜡型材料,070706,nhsa_consumables_category_C0707
nhsa_consumables_category_C070801,印模材料,070801,nhsa_consumables_category_C0708
nhsa_consumables_category_C070802,咬合记录材料,070802,nhsa_consumables_category_C0708
nhsa_consumables_category_C070803,咬合检查材料,070803,nhsa_consumables_category_C0708
nhsa_consumables_category_C070901,附着体,070901,nhsa_consumables_category_C0709
nhsa_consumables_category_C070902,预成冠,070902,nhsa_consumables_category_C0709
nhsa_consumables_category_C070903,根管桩,070903,nhsa_consumables_category_C0709
nhsa_consumables_category_C071001,窝沟封闭剂,071001,nhsa_consumables_category_C0710
nhsa_consumables_category_C071002,防龋材料,071002,nhsa_consumables_category_C0710
nhsa_consumables_category_C071101,活动矫治器,071101,nhsa_consumables_category_C0711
nhsa_consumables_category_C071102,固定矫治器,071102,nhsa_consumables_category_C0711
nhsa_consumables_category_C071103,隐形矫治器,071103,nhsa_consumables_category_C0711
nhsa_consumables_category_C071104,托槽,071104,nhsa_consumables_category_C0711
nhsa_consumables_category_C071105,牙科正畸丝,071105,nhsa_consumables_category_C0711
nhsa_consumables_category_C071106,种植支抗钉,071106,nhsa_consumables_category_C0711
nhsa_consumables_category_C071107,颊面管及带环,071107,nhsa_consumables_category_C0711
nhsa_consumables_category_C071108,正畸弹性材料,071108,nhsa_consumables_category_C0711
nhsa_consumables_category_C071109,牵引及扩弓装置,071109,nhsa_consumables_category_C0711
nhsa_consumables_category_C071110,正畸其他辅助配件,071110,nhsa_consumables_category_C0711
nhsa_consumables_category_C071202,排龈材料,071202,nhsa_consumables_category_C0712
nhsa_consumables_category_C071203,固位纤维,071203,nhsa_consumables_category_C0712
nhsa_consumables_category_C071204,溃疡辅助治疗材料,071204,nhsa_consumables_category_C0712
nhsa_consumables_category_C071205,隔离封闭成形材料,071205,nhsa_consumables_category_C0712
nhsa_consumables_category_C071206,牙科膜片,071206,nhsa_consumables_category_C0712
nhsa_consumables_category_C071207,研磨抛光材料,071207,nhsa_consumables_category_C0712
nhsa_consumables_category_C071208,菌斑指示剂,071208,nhsa_consumables_category_C0712
nhsa_consumables_category_C071209,义齿稳固剂,071209,nhsa_consumables_category_C0712
nhsa_consumables_category_C071210,软组织替代品,071210,nhsa_consumables_category_C0712
nhsa_consumables_category_C080101,单焦点白内障人工晶状体,080101,nhsa_consumables_category_C0801
nhsa_consumables_category_C080102,多焦点白内障人工晶状体,080102,nhsa_consumables_category_C0801
nhsa_consumables_category_C080103,连续视程人工晶状体,080103,nhsa_consumables_category_C0801
nhsa_consumables_category_C080104,单焦点散光型白内障人工晶体,080104,nhsa_consumables_category_C0801
nhsa_consumables_category_C080105,多焦点散光型白内障人工晶体,080105,nhsa_consumables_category_C0801
nhsa_consumables_category_C080106,前房型眼屈光性人工晶状体,080106,nhsa_consumables_category_C0801
nhsa_consumables_category_C080107,后房型眼屈光性人工晶状体,080107,nhsa_consumables_category_C0801
nhsa_consumables_category_C080108,囊袋张力环,080108,nhsa_consumables_category_C0801
nhsa_consumables_category_C080201,青光眼引流装置,080201,nhsa_consumables_category_C0802
nhsa_consumables_category_C080202,眼科手术用透明质酸钠凝胶,080202,nhsa_consumables_category_C0802
nhsa_consumables_category_C080301,脱细胞基质,080301,nhsa_consumables_category_C0803
nhsa_consumables_category_C080302,异体角膜,080302,nhsa_consumables_category_C0803
nhsa_consumables_category_C080402,面部填充材料,080402,nhsa_consumables_category_C0804
nhsa_consumables_category_C080501,眼用硅油,080501,nhsa_consumables_category_C0805
nhsa_consumables_category_C080502,重硅油,080502,nhsa_consumables_category_C0805
nhsa_consumables_category_C080503,眼用填充气体,080503,nhsa_consumables_category_C0805
nhsa_consumables_category_C080504,硅胶眼科植入物,080504,nhsa_consumables_category_C0805
nhsa_consumables_category_C080601,义眼台,080601,nhsa_consumables_category_C0806
nhsa_consumables_category_C080701,眼用重水,080701,nhsa_consumables_category_C0807
nhsa_consumables_category_C080702,粘弹剂,080702,nhsa_consumables_category_C0807
nhsa_consumables_category_C080703,眼科手术刀,080703,nhsa_consumables_category_C0807
nhsa_consumables_category_C080704,玻璃体切割头,080704,nhsa_consumables_category_C0807
nhsa_consumables_category_C080705,超声乳化针头,080705,nhsa_consumables_category_C0807
nhsa_consumables_category_C080706,角膜环钻,080706,nhsa_consumables_category_C0807
nhsa_consumables_category_C080707,扩张器,080707,nhsa_consumables_category_C0807
nhsa_consumables_category_C080708,眼科附件包,080708,nhsa_consumables_category_C0807
nhsa_consumables_category_C080801,其他眼科用材料,080801,nhsa_consumables_category_C0808
nhsa_consumables_category_C080802,光纤,080802,nhsa_consumables_category_C0808
nhsa_consumables_category_C080803,泪道栓塞物,080803,nhsa_consumables_category_C0808
nhsa_consumables_category_C080804,超声雾化眼罩,080804,nhsa_consumables_category_C0808
nhsa_consumables_category_C080805,其他眼科用材料,080805,nhsa_consumables_category_C0808
nhsa_consumables_category_C090101,动脉灌注管,090101,nhsa_consumables_category_C0901
nhsa_consumables_category_C090102,静脉引流管,090102,nhsa_consumables_category_C0901
nhsa_consumables_category_C090103,股静脉插管,090103,nhsa_consumables_category_C0901
nhsa_consumables_category_C090104,股动脉插管,090104,nhsa_consumables_category_C0901
nhsa_consumables_category_C090105,颈内静脉插管,090105,nhsa_consumables_category_C0901
nhsa_consumables_category_C090106,心肌停跳液插管,090106,nhsa_consumables_category_C0901
nhsa_consumables_category_C090107,吸引管,090107,nhsa_consumables_category_C0901
nhsa_consumables_category_C090201,动脉微栓过滤器,090201,nhsa_consumables_category_C0902
nhsa_consumables_category_C090301,体外循环管路,090301,nhsa_consumables_category_C0903
nhsa_consumables_category_C090302,体外循环套包,090302,nhsa_consumables_category_C0903
nhsa_consumables_category_C090401,心肌保护液灌注装置,090401,nhsa_consumables_category_C0904
nhsa_consumables_category_C090501,血液滤过器,090501,nhsa_consumables_category_C0905
nhsa_consumables_category_C090601,氧合器,090601,nhsa_consumables_category_C0906
nhsa_consumables_category_C090801,离心泵头,090801,nhsa_consumables_category_C0908
nhsa_consumables_category_C091001,其他体外循环材料,091001,nhsa_consumables_category_C0910
nhsa_consumables_category_C100101,分子吸附循环系统治疗套件,100101,nhsa_consumables_category_C1001
nhsa_consumables_category_C100201,腹膜透析管及附件,100201,nhsa_consumables_category_C1002
nhsa_consumables_category_C100202,腹膜透析管用钛接头,100202,nhsa_consumables_category_C1002
nhsa_consumables_category_C100203,腹膜透析外接短管,100203,nhsa_consumables_category_C1002
nhsa_consumables_category_C100204,碘液微型盖,100204,nhsa_consumables_category_C1002
nhsa_consumables_category_C100205,腹膜透析机管路,100205,nhsa_consumables_category_C1002
nhsa_consumables_category_C100206,透析管路夹子,100206,nhsa_consumables_category_C1002
nhsa_consumables_category_C100301,血浆置换（分离）器及套装,100301,nhsa_consumables_category_C1003
nhsa_consumables_category_C100302,血浆置换（分离）管路,100302,nhsa_consumables_category_C1003
nhsa_consumables_category_C100303,血浆成分分离器,100303,nhsa_consumables_category_C1003
nhsa_consumables_category_C100304,血浆成分分离管路,100304,nhsa_consumables_category_C1003
nhsa_consumables_category_C100401,血液透析滤过器,100401,nhsa_consumables_category_C1004
nhsa_consumables_category_C100402,血液透析滤过管路,100402,nhsa_consumables_category_C1004
nhsa_consumables_category_C100403,血液透析滤过套装,100403,nhsa_consumables_category_C1004
nhsa_consumables_category_C100501,连续性血液滤过器及套装,100501,nhsa_consumables_category_C1005
nhsa_consumables_category_C100502,连续性血液滤过管路,100502,nhsa_consumables_category_C1005
nhsa_consumables_category_C100601,血液净化管路套装,100601,nhsa_consumables_category_C1006
nhsa_consumables_category_C100602,血液净化用管路附件,100602,nhsa_consumables_category_C1006
nhsa_consumables_category_C100701,血液灌流（吸附）器及套装,100701,nhsa_consumables_category_C1007
nhsa_consumables_category_C100702,血浆灌流（吸附）器,100702,nhsa_consumables_category_C1007
nhsa_consumables_category_C100801,血液透析器,100801,nhsa_consumables_category_C1008
nhsa_consumables_category_C100802,血液透析用血路管,100802,nhsa_consumables_category_C1008
nhsa_consumables_category_C100806,透析用临时中心静脉导管,100806,nhsa_consumables_category_C1008
nhsa_consumables_category_C100807,透析用长期中心静脉导管,100807,nhsa_consumables_category_C1008
nhsa_consumables_category_C100808,透析液细菌/内毒素过滤器,100808,nhsa_consumables_category_C1008
nhsa_consumables_category_C100809,动静脉穿刺针,100809,nhsa_consumables_category_C1008
nhsa_consumables_category_C100810,血液透析滤过补液管,100810,nhsa_consumables_category_C1008
nhsa_consumables_category_C100903,血管通路介入治疗球囊,100903,nhsa_consumables_category_C1009
nhsa_consumables_category_C101001,其他血液净化材料及附件,101001,nhsa_consumables_category_C1010
nhsa_consumables_category_C110101,管型/端端吻合器,110101,nhsa_consumables_category_C1101
nhsa_consumables_category_C110102,腔镜切割吻/缝合器,110102,nhsa_consumables_category_C1101
nhsa_consumables_category_C110103,腔镜切割吻/缝合器钉仓（钉匣）,110103,nhsa_consumables_category_C1101
nhsa_consumables_category_C110104,电动腔镜切割吻/缝合器,110104,nhsa_consumables_category_C1101
nhsa_consumables_category_C110105,电动腔镜切割吻/缝合器钉仓（钉匣）,110105,nhsa_consumables_category_C1101
nhsa_consumables_category_C110106,密封帽组件,110106,nhsa_consumables_category_C1101
nhsa_consumables_category_C110107,腔镜施夹器（钳）,110107,nhsa_consumables_category_C1101
nhsa_consumables_category_C110108,单发结扎夹,110108,nhsa_consumables_category_C1101
nhsa_consumables_category_C110109,腔镜连发钛夹,110109,nhsa_consumables_category_C1101
nhsa_consumables_category_C110110,圈套器,110110,nhsa_consumables_category_C1101
nhsa_consumables_category_C110111,吻合环,110111,nhsa_consumables_category_C1101
nhsa_consumables_category_C110112,电动管型/端端吻合器,110112,nhsa_consumables_category_C1101
nhsa_consumables_category_C110201,直线型切割吻/缝合器,110201,nhsa_consumables_category_C1102
nhsa_consumables_category_C110202,直线型切割吻/缝合器钉仓（钉匣）,110202,nhsa_consumables_category_C1102
nhsa_consumables_category_C110203,弧线型切割吻合器,110203,nhsa_consumables_category_C1102
nhsa_consumables_category_C110204,弧线型切割吻合器钉仓（钉匣）,110204,nhsa_consumables_category_C1102
nhsa_consumables_category_C110205,吻/缝/闭合器,110205,nhsa_consumables_category_C1102
nhsa_consumables_category_C110206,吻/缝/闭合器钉仓（钉匣）,110206,nhsa_consumables_category_C1102
nhsa_consumables_category_C110207,痔吻合器,110207,nhsa_consumables_category_C1102
nhsa_consumables_category_C110208,荷包钳/器及线,110208,nhsa_consumables_category_C1102
nhsa_consumables_category_C110209,开放施夹器（钳）,110209,nhsa_consumables_category_C1102
nhsa_consumables_category_C110210,开放连发钛夹,110210,nhsa_consumables_category_C1102
nhsa_consumables_category_C110301,其他吻合器及附件,110301,nhsa_consumables_category_C1103
nhsa_consumables_category_C120101,骨盆底修复网片,120101,nhsa_consumables_category_C1201
nhsa_consumables_category_C120102,骶骨悬吊补片,120102,nhsa_consumables_category_C1201
nhsa_consumables_category_C120201,皮肤修复膜,120201,nhsa_consumables_category_C1202
nhsa_consumables_category_C120301,胸（腹）壁缺损修补片,120301,nhsa_consumables_category_C1203
nhsa_consumables_category_C120401,软组织修补片,120401,nhsa_consumables_category_C1204
nhsa_consumables_category_C120501,腹股沟疝补片,120501,nhsa_consumables_category_C1205
nhsa_consumables_category_C120502,腹壁疝补片,120502,nhsa_consumables_category_C1205
nhsa_consumables_category_C120503,食道裂孔疝专用补片,120503,nhsa_consumables_category_C1205
nhsa_consumables_category_C120504,其他疝修补材料,120504,nhsa_consumables_category_C1205
nhsa_consumables_category_C120505,修补固定器（装置）,120505,nhsa_consumables_category_C1205
nhsa_consumables_category_C120601,心脏补片,120601,nhsa_consumables_category_C1206
nhsa_consumables_category_C120602,血管补片,120602,nhsa_consumables_category_C1206
nhsa_consumables_category_C120701,其他修补材料,120701,nhsa_consumables_category_C1207
nhsa_consumables_category_C130101,耳贴,130101,nhsa_consumables_category_C1301
nhsa_consumables_category_C130201,针具,130201,nhsa_consumables_category_C1302
nhsa_consumables_category_C130301,棉纸,130301,nhsa_consumables_category_C1303
nhsa_consumables_category_C130401,其他中医材料,130401,nhsa_consumables_category_C1304
nhsa_consumables_category_C140101,避孕套,140101,nhsa_consumables_category_C1401
nhsa_consumables_category_C140103,子宫托,140103,nhsa_consumables_category_C1401
nhsa_consumables_category_C140104,节育环,140104,nhsa_consumables_category_C1401
nhsa_consumables_category_C140105,其他避孕材料,140105,nhsa_consumables_category_C1401
nhsa_consumables_category_C140201,药品吸入器,140201,nhsa_consumables_category_C1402
nhsa_consumables_category_C140202,其他常规医疗用品,140202,nhsa_consumables_category_C1402
nhsa_consumables_category_C140301,软组织切割刀头（≤3mm血管）,140301,nhsa_consumables_category_C1403
nhsa_consumables_category_C140302,大血管（≤7mm）封闭刀头,140302,nhsa_consumables_category_C1403
nhsa_consumables_category_C140303,超声吸引刀头,140303,nhsa_consumables_category_C1403
nhsa_consumables_category_C140304,软组织切割刀头（≤5mm血管）,140304,nhsa_consumables_category_C1403
nhsa_consumables_category_C140401,等离子刀头,140401,nhsa_consumables_category_C1404
nhsa_consumables_category_C140501,射频切割凝闭刀头,140501,nhsa_consumables_category_C1405
nhsa_consumables_category_C140601,高频电刀,140601,nhsa_consumables_category_C1406
nhsa_consumables_category_C140602,高频切割闭合刀头,140602,nhsa_consumables_category_C1406
nhsa_consumables_category_C140701,电极贴片及辅助材料,140701,nhsa_consumables_category_C1407
nhsa_consumables_category_C140703,传感器及辅助材料,140703,nhsa_consumables_category_C1407
nhsa_consumables_category_C140704,其他电极及其辅助材料,140704,nhsa_consumables_category_C1407
nhsa_consumables_category_C140705,光纤,140705,nhsa_consumables_category_C1407
nhsa_consumables_category_C140801,不可吸收性特殊理化缝线,140801,nhsa_consumables_category_C1408
nhsa_consumables_category_C140802,不可吸收性非特殊理化缝线,140802,nhsa_consumables_category_C1408
nhsa_consumables_category_C140803,可吸收性特殊理化缝线,140803,nhsa_consumables_category_C1408
nhsa_consumables_category_C140804,可吸收性非特殊理化缝线,140804,nhsa_consumables_category_C1408
nhsa_consumables_category_C140805,医用胶,140805,nhsa_consumables_category_C1408
nhsa_consumables_category_C140806,皮肤缝合器,140806,nhsa_consumables_category_C1408
nhsa_consumables_category_C140807,其他缝合及凝固材料,140807,nhsa_consumables_category_C1408
nhsa_consumables_category_C140808,止血夹,140808,nhsa_consumables_category_C1408
nhsa_consumables_category_C140901,外固定材料,140901,nhsa_consumables_category_C1409
nhsa_consumables_category_C140902,其他护创材料,140902,nhsa_consumables_category_C1409
nhsa_consumables_category_C141001,麻醉包,141001,nhsa_consumables_category_C1410
nhsa_consumables_category_C141002,局麻针,141002,nhsa_consumables_category_C1410
nhsa_consumables_category_C141003,局麻导管,141003,nhsa_consumables_category_C1410
nhsa_consumables_category_C141004,其他麻醉套件,141004,nhsa_consumables_category_C1410
nhsa_consumables_category_C141101,药液转移器,141101,nhsa_consumables_category_C1411
nhsa_consumables_category_C141201,集尿袋,141201,nhsa_consumables_category_C1412
nhsa_consumables_category_C141202,引流袋,141202,nhsa_consumables_category_C1412
nhsa_consumables_category_C141301,造口袋,141301,nhsa_consumables_category_C1413
nhsa_consumables_category_C141302,造口护理辅助材料,141302,nhsa_consumables_category_C1413
nhsa_consumables_category_C141303,其他造口护理附件,141303,nhsa_consumables_category_C1413
nhsa_consumables_category_C141501,子宫颈扩张导管,141501,nhsa_consumables_category_C1415
nhsa_consumables_category_C141502,子宫颈扩张球囊,141502,nhsa_consumables_category_C1415
nhsa_consumables_category_C141503,输卵管扩张导管,141503,nhsa_consumables_category_C1415
nhsa_consumables_category_C141504,其他扩张类导管,141504,nhsa_consumables_category_C1415
nhsa_consumables_category_C141601,动静脉测压管,141601,nhsa_consumables_category_C1416
nhsa_consumables_category_C141602,肺动脉测压导管,141602,nhsa_consumables_category_C1416
nhsa_consumables_category_C141604,食管测压管,141604,nhsa_consumables_category_C1416
nhsa_consumables_category_C141605,肛门测压管,141605,nhsa_consumables_category_C1416
nhsa_consumables_category_C141606,膀胱内静压监测包,141606,nhsa_consumables_category_C1416
nhsa_consumables_category_C141607,尿动力学导管,141607,nhsa_consumables_category_C1416
nhsa_consumables_category_C141608,膀胱测压导管,141608,nhsa_consumables_category_C1416
nhsa_consumables_category_C141609,直肠测压导管,141609,nhsa_consumables_category_C1416
nhsa_consumables_category_C141610,测压连接管,141610,nhsa_consumables_category_C1416
nhsa_consumables_category_C141611,压力监测套件,141611,nhsa_consumables_category_C1416
nhsa_consumables_category_C141612,其他测压管,141612,nhsa_consumables_category_C1416
nhsa_consumables_category_C141701,胸腔引流管,141701,nhsa_consumables_category_C1417
nhsa_consumables_category_C141702,胸腔引流瓶,141702,nhsa_consumables_category_C1417
nhsa_consumables_category_C141703,腹腔引流管,141703,nhsa_consumables_category_C1417
nhsa_consumables_category_C141704,导尿管/套装,141704,nhsa_consumables_category_C1417
nhsa_consumables_category_C141705,儿童导尿管,141705,nhsa_consumables_category_C1417
nhsa_consumables_category_C141706,成人导尿管,141706,nhsa_consumables_category_C1417
nhsa_consumables_category_C141707,气囊导管,141707,nhsa_consumables_category_C1417
nhsa_consumables_category_C141708,球囊导管,141708,nhsa_consumables_category_C1417
nhsa_consumables_category_C141710,蛋白胶腔镜配合管,141710,nhsa_consumables_category_C1417
nhsa_consumables_category_C141711,冲洗、吸引管,141711,nhsa_consumables_category_C1417
nhsa_consumables_category_C141712,经皮心包积液引流管,141712,nhsa_consumables_category_C1417
nhsa_consumables_category_C141714,其他导管、引流管,141714,nhsa_consumables_category_C1417
nhsa_consumables_category_C141715,负压引流器/附件,141715,nhsa_consumables_category_C1417
nhsa_consumables_category_C141716,鼻空肠营养管,141716,nhsa_consumables_category_C1417
nhsa_consumables_category_C141717,电动冲洗器,141717,nhsa_consumables_category_C1417
nhsa_consumables_category_C141801,移植导管,141801,nhsa_consumables_category_C1418
nhsa_consumables_category_C141802,其他人工生殖辅助导管,141802,nhsa_consumables_category_C1418
nhsa_consumables_category_C141901,宫腔组织吸引管,141901,nhsa_consumables_category_C1419
nhsa_consumables_category_C141902,胎头吸引盘,141902,nhsa_consumables_category_C1419
nhsa_consumables_category_C142001,取卵针,142001,nhsa_consumables_category_C1420
nhsa_consumables_category_C142002,单精子卵胞浆注射针,142002,nhsa_consumables_category_C1420
nhsa_consumables_category_C142003,持卵针,142003,nhsa_consumables_category_C1420
nhsa_consumables_category_C142101,辅助生殖胚胎冷冻解冻液,142101,nhsa_consumables_category_C1421
nhsa_consumables_category_C142201,体外受精胚胎培养液,142201,nhsa_consumables_category_C1422
nhsa_consumables_category_C142301,输液器,142301,nhsa_consumables_category_C1423
nhsa_consumables_category_C142302,真空采血管,142302,nhsa_consumables_category_C1423
nhsa_consumables_category_C142303,特殊采血管或保存制备管,142303,nhsa_consumables_category_C1423
nhsa_consumables_category_C142304,末梢血采集容器,142304,nhsa_consumables_category_C1423
nhsa_consumables_category_C142305,过滤分离器具,142305,nhsa_consumables_category_C1423
nhsa_consumables_category_C142306,输血器,142306,nhsa_consumables_category_C1423
nhsa_consumables_category_C142307,营养输液袋/器,142307,nhsa_consumables_category_C1423
nhsa_consumables_category_C142308,微量泵前管,142308,nhsa_consumables_category_C1423
nhsa_consumables_category_C142309,输液辅助导管,142309,nhsa_consumables_category_C1423
nhsa_consumables_category_C142310,加温导管,142310,nhsa_consumables_category_C1423
nhsa_consumables_category_C142311,输液接头,142311,nhsa_consumables_category_C1423
nhsa_consumables_category_C142312,肝素帽,142312,nhsa_consumables_category_C1423
nhsa_consumables_category_C142313,预充式导管冲洗器,142313,nhsa_consumables_category_C1423
nhsa_consumables_category_C142314,三通,142314,nhsa_consumables_category_C1423
nhsa_consumables_category_C142401,消化道插管,142401,nhsa_consumables_category_C1424
nhsa_consumables_category_C142402,消化道引流管,142402,nhsa_consumables_category_C1424
nhsa_consumables_category_C142403,其他消化道插管/引流管,142403,nhsa_consumables_category_C1424
nhsa_consumables_category_C142501,气管插管,142501,nhsa_consumables_category_C1425
nhsa_consumables_category_C142502,喉切除术气管插管,142502,nhsa_consumables_category_C1425
nhsa_consumables_category_C142503,口腔气管插管,142503,nhsa_consumables_category_C1425
nhsa_consumables_category_C142504,支气管插管,142504,nhsa_consumables_category_C1425
nhsa_consumables_category_C142505,气管切开套管,142505,nhsa_consumables_category_C1425
nhsa_consumables_category_C142506,湿热交换器/过滤器,142506,nhsa_consumables_category_C1425
nhsa_consumables_category_C142507,导管插管,142507,nhsa_consumables_category_C1425
nhsa_consumables_category_C142508,麻醉用气管插管及面罩,142508,nhsa_consumables_category_C1425
nhsa_consumables_category_C142509,其他气管插管及附件,142509,nhsa_consumables_category_C1425
nhsa_consumables_category_C142601,电磁导航材料,142601,nhsa_consumables_category_C1426
nhsa_consumables_category_C150101,止血纱布,150101,nhsa_consumables_category_C1501
nhsa_consumables_category_C150102,非织布,150102,nhsa_consumables_category_C1501
nhsa_consumables_category_C150103,纤丝,150103,nhsa_consumables_category_C1501
nhsa_consumables_category_C150104,粉,150104,nhsa_consumables_category_C1501
nhsa_consumables_category_C150105,海绵,150105,nhsa_consumables_category_C1501
nhsa_consumables_category_C150106,膜,150106,nhsa_consumables_category_C1501
nhsa_consumables_category_C150107,流体明胶,150107,nhsa_consumables_category_C1501
nhsa_consumables_category_C150108,生物胶,150108,nhsa_consumables_category_C1501
nhsa_consumables_category_C150110,蜡,150110,nhsa_consumables_category_C1501
nhsa_consumables_category_C150111,其他止血材料,150111,nhsa_consumables_category_C1501
nhsa_consumables_category_C150201,编织膜,150201,nhsa_consumables_category_C1502
nhsa_consumables_category_C150202,非编织膜,150202,nhsa_consumables_category_C1502
nhsa_consumables_category_C150203,防粘连液,150203,nhsa_consumables_category_C1502
nhsa_consumables_category_C150204,胶,150204,nhsa_consumables_category_C1502
nhsa_consumables_category_C150205,半固态胶,150205,nhsa_consumables_category_C1502
nhsa_consumables_category_C150206,其他防黏连材料,150206,nhsa_consumables_category_C1502
nhsa_consumables_category_C160101,一次性使用注射器,160101,nhsa_consumables_category_C1601
nhsa_consumables_category_C160201,一次性使用注射笔用针头,160201,nhsa_consumables_category_C1602
nhsa_consumables_category_C160301,一次性使用注射针,160301,nhsa_consumables_category_C1603
nhsa_consumables_category_C160302,动静脉瘘穿刺针,160302,nhsa_consumables_category_C1603
nhsa_consumables_category_C160303,动脉采血器/血气针,160303,nhsa_consumables_category_C1603
nhsa_consumables_category_C160304,机用采血器,160304,nhsa_consumables_category_C1603
nhsa_consumables_category_C160305,足跟采血器,160305,nhsa_consumables_category_C1603
nhsa_consumables_category_C160306,静脉采血器,160306,nhsa_consumables_category_C1603
nhsa_consumables_category_C160308,末梢采血器,160308,nhsa_consumables_category_C1603
nhsa_consumables_category_C160309,穿刺针,160309,nhsa_consumables_category_C1603
nhsa_consumables_category_C160310,其他动静脉/管腔室穿刺器,160310,nhsa_consumables_category_C1603
nhsa_consumables_category_C160311,穿刺包/套件,160311,nhsa_consumables_category_C1603
nhsa_consumables_category_C160401,穿刺器,160401,nhsa_consumables_category_C1604
nhsa_consumables_category_C160402,穿刺套管,160402,nhsa_consumables_category_C1604
nhsa_consumables_category_C160501,静脉留置针,160501,nhsa_consumables_category_C1605
nhsa_consumables_category_C160502,动脉留置针,160502,nhsa_consumables_category_C1605
nhsa_consumables_category_C160503,动静脉留置针,160503,nhsa_consumables_category_C1605
nhsa_consumables_category_C160504,其他血管内留置针,160504,nhsa_consumables_category_C1605
nhsa_consumables_category_C160505,造影导管留置针,160505,nhsa_consumables_category_C1605
nhsa_consumables_category_C170101,凝胶敷料,170101,nhsa_consumables_category_C1701
nhsa_consumables_category_C170102,液体敷料,170102,nhsa_consumables_category_C1701
nhsa_consumables_category_C170103,粉末敷料,170103,nhsa_consumables_category_C1701
nhsa_consumables_category_C170104,水胶体敷料,170104,nhsa_consumables_category_C1701
nhsa_consumables_category_C170105,纤维敷料,170105,nhsa_consumables_category_C1701
nhsa_consumables_category_C170106,泡沫敷料,170106,nhsa_consumables_category_C1701
nhsa_consumables_category_C170107,隔离敷料,170107,nhsa_consumables_category_C1701
nhsa_consumables_category_C170108,生物敷料,170108,nhsa_consumables_category_C1701
nhsa_consumables_category_C170109,活性炭敷料,170109,nhsa_consumables_category_C1701
nhsa_consumables_category_C170110,含银敷料,170110,nhsa_consumables_category_C1701
nhsa_consumables_category_C170201,凝胶疤痕修复材料,170201,nhsa_consumables_category_C1702
nhsa_consumables_category_C170202,液体疤痕修复材料,170202,nhsa_consumables_category_C1702
nhsa_consumables_category_C170203,软膏疤痕修复材料,170203,nhsa_consumables_category_C1702
nhsa_consumables_category_C170204,其他材质疤痕敷料,170204,nhsa_consumables_category_C1702
nhsa_consumables_category_C170301,绷带,170301,nhsa_consumables_category_C1703
nhsa_consumables_category_C170401,其他敷料,170401,nhsa_consumables_category_C1704
